milepost,loco_force_kN,air_force_kN,total_force_kN
177.15,7170.293282149476,12069.845673055734,19240.13895520521
177.65,7170.292418716339,45576.55284395772,52746.845262674055
178.15,3173.683672590716,50891.405765378986,54065.0894379697
178.65,4038.8942608358034,21799.499139054955,25838.39339989076
179.15,3007.986553537611,12381.41347591365,15389.400029451263
179.65,4706.386227054541,6200.6893747535105,10907.075601808052
180.15,6715.378915350098,1207.6825970926252,7923.061512442724
180.65,7045.680510525917,0.0,7045.680510525917
181.15,5918.004059854352,0.0,5918.004059854352
181.65,4256.0049426327305,176.1886474660423,4432.193590098773
182.15,4394.740013478751,3502.534518087266,7897.274531566018
182.65,6803.122597030393,8483.372315581828,15286.494912612221
183.15,7063.366275061757,10852.695962796004,17916.06223785776
183.65,7079.235637679942,10868.329586882732,17947.565224562673
184.15,7170.293282149476,10942.594064784893,18112.887346934367
184.65,7170.293282149476,11546.46479050071,18716.758072650184
185.15,7170.293282149476,12015.810156949656,19186.103439099134
185.65,7034.4998920710495,26524.64850651787,33559.14839858892
186.15,6900.173498092849,25976.11590377096,32876.2894018638
186.65,9022.397262649261,10359.075769353663,19381.473032002927
187.15,9018.785543534841,9151.911611979971,18170.697155514812
187.65,7154.270279621231,11178.864624638964,18333.134904260194
188.15,12446.09508295984,13662.112105709895,26108.207188669738
188.65,12293.739111005161,12533.79446042731,24827.533571432472
189.15,11446.254816560167,18718.422211621866,30164.677028182035
189.65,6780.531947831412,32072.567083047936,38853.09903087935
190.15,11308.238240706552,37608.7555281063,48916.993768812856
190.65,8411.110518907133,31144.52424790334,39555.63476681047
191.15,9237.776796641869,13422.533660227404,22660.310456869272
191.65,7141.80773068043,1971.6968707458223,9113.504601426252
192.15,6549.8164318811305,8207.173871659961,14756.990303541092
192.65,5085.4998836374,27996.683913491546,33082.18379712895
193.15,4967.124872698471,28749.959331335343,33717.08420403382
193.65,6668.958544731215,13986.41045882679,20655.369003558004
194.15,9411.618795742299,26347.190280377454,35758.80907611975
194.65,12331.343406151662,26056.43853116887,38387.781937320535
195.15,24141.92758746374,10350.352709224997,34492.28029668874
195.65,12306.146697712047,11193.427869671737,23499.574567383785
196.15,8805.962112953039,17966.257316090603,26772.219429043642
196.65,5964.345333608968,19911.508724433093,25875.85405804206
197.15,5801.145910022451,16081.621402314639,21882.76731233709
197.65,5372.9268404150935,9058.533855240932,14431.460695656026
198.15,4553.752420968802,1176.0630967628917,5729.815517731693
198.65,7315.533686667522,0.0,7315.533686667522
199.15,7265.233260547429,1034.026289022634,8299.259549570063
199.65,4827.366877513581,5930.081633805403,10757.448511318984
200.15,5777.24099682724,12643.991864793792,18421.232861621032
200.65,9461.536853354275,16590.5668487424,26052.103702096676
201.15,11114.858435579572,10516.22157354046,21631.080009120033
201.65,13681.448936634806,2317.597971001194,15999.046907636
202.15,12132.903210953285,746.4905356541095,12879.393746607395
202.65,8145.316693161448,1006.7866321277031,9152.10332528915
203.15,10711.989473648384,7320.603652151388,18032.593125799773
203.65,6946.26138366023,15309.296324133134,22255.557707793363
204.15,7810.149353534858,11130.305912776887,18940.455266311743
204.65,5973.49790438785,3879.1515340235696,9852.64943841142
205.15,6168.356134047417,2441.8710745753538,8610.227208622771
205.65,6602.011488039025,6942.495907340563,13544.507395379587
206.15,5774.743122860352,15962.799769796093,21737.542892656445
206.65,4781.1182172576755,17913.590605772086,22694.70882302976
207.15,4576.48716153276,14855.956619501669,19432.443781034428
207.65,4112.308474816195,9244.971831167699,13357.280305983893
208.15,4345.705919570435,5468.3133594892515,9814.019279059687
208.65,3609.7472635037093,2239.7430834861766,5849.490346989885
209.15,4076.49144943222,8.515486099541983,4085.0069355317623
209.65,3930.8196849889973,102.81811145900866,4033.637796448006
210.15,3514.375613836696,1559.4141573058816,5073.789771142578
210.65,3471.626725972808,3550.430406202926,7022.057132175734
211.15,3776.093947067083,6312.515703476813,10088.609650543895
211.65,3312.119776761377,9066.81465248122,12378.934429242598
212.15,3467.6649982259287,8149.986383939036,11617.651382164964
212.65,4297.842467419916,5444.589056459605,9742.43152387952
213.15,4272.39634978631,11790.968014595552,16063.364364381861
213.65,3562.116800981748,18813.278255947076,22375.395056928824
214.15,2660.0886525284695,25174.0669774558,27834.15562998427
214.65,3327.5813492425887,51766.408627639095,55093.98997688168
215.15,3402.568539024468,39112.77343086668,42515.341969891146
215.65,5107.895429972394,0.22850047371089188,5108.123930446104
216.15,3403.7656286511956,47567.42481681776,50971.19044546895
216.65,3849.0682317525257,47613.572720097254,51462.64095184978
217.15,3053.129346445478,378.24911789683546,3431.3784643423132
217.65,3862.245350565764,444.9160970083441,4307.161447574108
218.15,3612.418281230968,4335.362713850464,7947.780995081433
218.65,4155.347318392094,14356.800950903293,18512.148269295387
219.15,2641.0909875435345,13113.248329016202,15754.339316559737
219.65,3110.3993011392968,5188.504230618701,8298.903531757998
220.15,5108.239542228499,3198.0906420103374,8306.330184238835
220.65,5595.789534794488,20343.159188891845,25938.94872368633
221.15,5495.728879218852,41215.785614317385,46711.51449353623
221.65,6314.969521426522,37054.14336264373,43369.11288407025
222.15,9768.687033070992,25072.027586446326,34840.71461951732
222.65,17166.138077636977,16843.76366802756,34009.90174566454
223.15,16880.306404454754,2519.236541015588,19399.54294547034
223.65,5519.879295256867,61.41345768824388,5581.292752945112
224.15,3976.9462800862275,93.55663764327802,4070.5029177295055
224.65,4203.119938641017,179.9873240462593,4383.1072626872765
225.15,3626.4944876369664,107.86338281686336,3734.35787045383
225.65,3440.0795828181435,259.850061126959,3699.9296439451027
226.15,4005.336407173032,268.1070523489547,4273.443459521986
226.65,3069.2831090074687,410.89628035618546,3480.179389363654
227.15,3401.5731781313493,547.4002658778808,3948.97344400923
227.65,2612.35912513119,2351.7197347755496,4964.07885990674
228.15,4002.1929894393797,3143.2863476796524,7145.479337119032
228.65,3452.0502886393488,1812.0160598380216,5264.06634847737
229.15,2367.9074827128597,904.6971990959446,3272.6046818088043
229.65,3148.1897759834283,650.5881222513801,3798.777898234808
230.15,4047.5666687375215,642.8463924109179,4690.41306114844
230.65,3732.769354360059,32.85852511345016,3765.627879473509
231.15,4283.328202772078,127.08985799360104,4410.418060765679
231.65,3183.13326899227,4417.241617232164,7600.374886224434
232.15,3669.4168243353024,10184.702453395234,13854.119277730537
232.65,4557.328362709858,10107.186503527058,14664.514866236917
233.15,4152.861029023011,10667.8286549761,14820.68968399911
233.65,5168.03907659325,10340.611426757565,15508.650503350815
234.15,5410.789402669633,8378.513390986098,13789.30279365573
234.65,4217.070217191635,8846.19788317353,13063.268100365165
235.15,4538.448603663812,7860.710958579113,12399.159562242925
235.65,5602.114077257742,9168.590916016956,14770.704993274698
236.15,5704.413504118656,10691.389762208131,16395.803266326788
236.65,5987.630489954424,8294.272691619703,14281.903181574125
237.15,6671.579466511086,5423.797730761306,12095.377197272392
237.65,7586.128321218939,10657.812503055757,18243.940824274694
238.15,8950.109140406594,17185.89908937809,26136.008229784682
238.65,7740.798070067163,11570.047501817675,19310.845571884838
239.15,6264.418121756344,1450.1665217939824,7714.584643550326
239.65,1512.74847112089,2489.1781923321173,4001.926663453007
240.15,11166.154981517926,4861.461711232683,16027.61669275061
240.65,7306.527463815204,9484.377328967581,16790.904792782785
241.15,7365.108272633058,8165.77530701361,15530.883579646666
241.65,6258.692094916101,3001.7348247202367,9260.426919636338
242.15,5643.280591712398,1024.5412498580768,6667.821841570474
242.65,5424.152267719968,6222.716720478285,11646.868988198254
243.15,6010.858391929412,12365.644111168369,18376.50250309778
243.65,5603.968256591381,12830.708344918015,18434.676601509396
244.15,6743.317769924505,12025.591193803695,18768.9089637282
244.65,7132.912177530434,11324.607533941617,18457.51971147205
245.15,5305.262541983335,8637.129776123573,13942.392318106908
245.65,6785.20074294785,5052.058225519696,11837.258968467546
246.15,8086.515520168361,8113.294092909391,16199.809613077752
246.65,8761.261980908883,9811.437680293631,18572.699661202514
247.15,15275.031892688601,4551.731161915489,19826.76305460409
247.65,7571.5169849462,7421.221196473757,14992.738181419958
248.15,6804.9768793376315,20042.19167196728,26847.168551304912
248.65,5795.981579471214,20956.380194522957,26752.36177399417
249.15,4538.026174152895,16179.912344803523,20717.938518956416
249.65,6300.698592650763,13082.928889534076,19383.62748218484
250.15,5196.351132675083,6312.551921233758,11508.903053908842
250.65,6296.422138972572,2266.582892625015,8563.005031597586
251.15,5932.800576316696,283.4392782028186,6216.239854519515
251.65,5815.944916447806,0.0,5815.944916447806
252.15,6875.144757872153,305.13437691499007,7180.2791347871425
252.65,7623.097456755604,6089.185887945696,13712.2833447013
253.15,6720.470254454205,14574.614852658427,21295.08510711263
253.65,3344.2215777129186,18592.07074061859,21936.292318331507
254.15,4125.810978835623,15753.91249107546,19879.723469911085
254.65,5608.5143632877025,11762.649112605035,17371.16347589274
255.15,8372.583516783056,11334.448719257398,19707.032236040453
255.65,8740.925675753897,11125.427950441814,19866.353626195712
256.15,1941.2361972350586,7344.432452794351,9285.668650029409
256.65,4952.8017881639025,6078.41966011492,11031.221448278822
257.15,5480.105759649028,13188.106910107319,18668.212669756347
257.65,5475.7604606406185,16974.200500159,22449.960960799617
258.15,5822.513775476061,12134.421133985235,17956.934909461295
258.65,5282.69349642001,7841.298385237044,13123.991881657053
259.15,4462.023960349344,8454.82586870575,12916.849829055092
259.65,6641.6864315252205,6718.2399364191615,13359.926367944383
260.15,6685.4232214485955,2564.2294292401025,9249.652650688698
260.65,4982.875426971068,0.0,4982.875426971068
261.15,7569.016333578419,415.14396213458457,7984.1602957130035
261.65,7348.619451616552,5369.665109164694,12718.284560781245
262.15,5344.707555053431,19227.251593147907,24571.95914820134
262.65,7845.722088152847,23010.278550281557,30856.000638434405
263.15,7196.902670102501,16265.53757201672,23462.44024211922
263.65,8721.834839734634,10380.69860468145,19102.533444416084
264.15,8744.028904857289,4709.970937899316,13453.999842756604
264.65,10643.946319162926,6.369088593444141,10650.31540775637
265.15,7946.0000311550075,0.0,7946.0000311550075
265.65,8680.33808838666,3642.9314879861013,12323.26957637276
266.15,5538.279649082955,19062.34885428669,24600.628503369648
266.65,8215.440018102807,39919.517217345274,48134.95723544808
267.15,4393.535960242968,34345.33991819196,38738.87587843493
267.65,3625.3217235163575,24954.056147898846,28579.377871415203
268.15,8586.932604085492,9090.296687115959,17677.229291201453
268.65,8794.16245599742,22467.485513380845,31261.647969378268
269.15,4775.643840631093,33783.85693426247,38559.50077489356
269.65,6481.461555939752,36067.0727824507,42548.53433839045
270.15,7309.502059475671,32767.73511023308,40077.23716970875
270.65,6553.823808365267,15246.189150988395,21800.012959353662
271.15,6694.220802971017,1279.2415128089392,7973.462315779956
271.65,4710.304415952371,401.6456317537976,5111.950047706168
272.15,5086.683428089684,0.007110395052076958,5086.690538484736
272.65,4868.459311919643,0.0,4868.459311919643
273.15,7356.8995333379,84.75433009838534,7441.653863436285
273.65,8211.019447712839,7792.178085011204,16003.197532724043
274.15,9180.649106286748,9974.993446998253,19155.642553285
274.65,7909.616089734989,12851.863067188027,20761.479156923015
275.15,18778.012566171798,15483.037475326742,34261.05004149854
275.65,9667.143675684527,13847.480519574947,23514.624195259472
276.15,12460.515438209652,10054.424050329806,22514.939488539458
276.65,9668.752211117484,6206.378814130544,15875.131025248029
277.15,7207.208837039571,3952.5652278411394,11159.77406488071
277.65,6682.4442715010355,2960.4752625932924,9642.919534094328
278.15,4520.494812954352,11023.97954648925,15544.474359443602
278.65,5816.2376524435795,16377.36835898738,22193.60601143096
279.15,4767.443426969277,13287.934096367117,18055.377523336392
279.65,6190.550712248045,6783.641631081522,12974.192343329567
280.15,3373.031630625158,3066.6228950004547,6439.654525625612
280.65,6088.7947332353015,372.78814018199574,6461.582873417297
281.15,6134.477469214766,355.35074945396957,6489.828218668736
281.65,6733.879797318672,355.35009291369755,7089.229890232369
282.15,4384.360218216084,0.0,4384.360218216084
282.65,6017.343126808389,1015.6962309094059,7033.039357717795
283.15,5454.425709795078,1360.0973079770054,6814.523017772083
283.65,5978.044541215117,7504.913322752725,13482.957863967842
284.15,5583.295622429236,16607.769780587238,22191.065403016473
284.65,5048.975976823604,25008.322545572235,30057.29852239584
285.15,3749.671354422533,27738.81460190397,31488.485956326505
285.65,5142.074925863133,20704.927531256268,25847.0024571194
286.15,3506.5405636891055,6429.063776915314,9935.60434060442
286.65,4378.105030099938,8.457967669617958,4386.562997769555
287.15,3937.916715750091,0.0,3937.916715750091
287.65,3743.9551536963686,0.0,3743.9551536963686
288.15,2926.2856183157764,3.4120917323488777,2929.6977100481254
288.65,3500.5586650821197,299.22269508714993,3799.7813601692696
289.15,3545.4152070989035,1047.156522106844,4592.571729205747
289.65,4423.504153183501,1427.25203640766,5850.756189591161
290.15,4296.756293221828,1797.3395767463487,6094.095869968177
290.65,4233.963099496916,1108.9888819380606,5342.951981434976
291.15,4804.687127473517,267.9575740455694,5072.644701519086
291.65,5148.672018866632,393.45759767115413,5542.129616537786
292.15,5844.946730769816,798.0645272792101,6643.011258049026
292.65,5744.836474680711,612.449666043072,6357.286140723783
293.15,5536.619097255258,86.77365879904512,5623.3927560543025
293.65,4959.942725379101,78.32313418480113,5038.265859563902
294.15,6593.168481901128,1989.7507339872602,8582.919215888389
294.65,6956.827236446329,5297.549227577121,12254.376464023451
295.15,6046.140349928933,5055.5024695305965,11101.642819459528
295.65,2400.4881136222393,1719.081579945801,4119.569693568041
296.15,5076.465464773091,736.7303304423391,5813.195795215431
296.65,6901.232651002834,916.2526953598059,7817.4853463626405
297.15,4368.983511080427,1184.6677731847853,5553.651284265212
297.65,4225.783642206429,2823.0254160700456,7048.809058276474
298.15,6329.971222210768,3510.3981583141285,9840.369380524897
298.65,6123.175912278224,2053.902298227076,8177.0782105053
299.15,5745.520322265316,211.17618995613438,5956.696512221451
299.65,5329.763591208464,0.0,5329.763591208464
300.15,2912.982936130684,496.76584903314847,3409.7487851638325
300.65,5245.05302155718,6780.73570600333,12025.78872756051
301.15,2210.7184112517116,12965.753650534312,15176.472061786024
301.65,4352.165594345372,12808.915384081314,17161.080978426686
302.15,4016.0370876742486,10256.504035764496,14272.541123438745
302.65,4434.690919901603,4115.152825830395,8549.843745731998
303.15,4243.004697699831,693.3335699013729,4936.338267601204
303.65,3406.6514214819904,0.0,3406.6514214819904
304.15,3701.7350450152744,0.0,3701.7350450152744
304.65,4200.822593046288,0.0,4200.822593046288
305.15,3828.979992531318,0.0,3828.979992531318
305.65,3739.6158287006683,0.0,3739.6158287006683
306.15,3515.256696887266,45.39794158462339,3560.6546384718895
306.65,4204.335281563345,54.810027782657635,4259.145309346003
307.15,4390.925069826896,9.453829137579962,4400.378898964476
307.65,4764.07501060574,65.37329119521763,4829.448301800958
308.15,3027.766049374767,58.7801075157708,3086.546156890538
308.65,5171.416286161413,320.4806500312885,5491.896936192702
309.15,5358.12961033457,7506.367725661312,12864.497335995882
309.65,5675.014278384475,14369.614895813165,20044.62917419764
310.15,3433.4039651165654,9843.99102638568,13277.394991502246
310.65,4894.903843475484,3552.51298070505,8447.416824180535
311.15,6637.281407245786,3061.8445477381256,9699.125954983912
311.65,6523.65651024294,1343.9631024427285,7867.6196126856685
312.15,6227.810941898467,1.5767091428925077,6229.387651041359
312.65,8530.58909673959,6427.749575033805,14958.338671773396
313.15,7229.884428048474,15848.323989222936,23078.20841727141
313.65,7539.778953052406,34994.427009950334,42534.205963002736
314.15,7456.775145822669,40744.570316599755,48201.345462422425
314.65,3658.9170592477553,38620.300150341514,42279.21720958927
315.15,5539.064921906358,11278.410101480958,16817.475023387316
315.65,7179.770438491034,363.801727661987,7543.572166153021
316.15,5866.335042550376,1081.6912375588345,6948.02628010921
316.65,7491.881005373098,779.7403328135853,8271.621338186684
317.15,7746.972605741865,2.7395841629948356,7749.71218990486
317.65,8967.023007894084,0.0,8967.023007894084
318.15,10213.813940139327,0.0,10213.813940139327
