time_seconds,speed_meters_per_second
0.0,0.31622776601683794
1.0,0.36622776601683793
2.0,0.4162277660168379
3.0,0.46622776601683796
4.0,0.516227766016838
5.0,0.566227766016838
6.0,0.616227766016838
7.0,0.666227766016838
8.0,0.716227766016838
9.0,0.766227766016838
10.0,0.816227766016838
11.0,0.8662277660168379
12.0,0.916227766016838
13.0,0.966227766016838
14.0,1.016227766016838
15.0,1.066227766016838
16.0,1.116227766016838
17.0,1.166227766016838
18.0,1.2162277660168381
19.0,1.2662277660168382
20.0,1.316227766016838
21.0,1.3662277660168383
22.0,1.4162277660168383
23.0,1.4662277660168381
24.0,1.5162277660168382
25.0,1.566227766016838
26.0,1.6162277660168383
27.0,1.666227766016838
28.0,1.7162277660168384
29.0,1.7662277660168382
30.0,1.8162277660168382
31.0,1.8662277660168383
32.0,1.9162277660168383
33.0,1.9662277660168386
34.0,2.016227766016838
35.0,2.066227766016838
36.0,2.116227766016838
37.0,2.166227766016838
38.0,2.2162277660168384
39.0,2.266227766016838
40.0,2.3162277660168384
41.0,2.3662277660168383
42.0,2.4162277660168385
43.0,2.4662277660168384
44.0,2.5162277660168386
45.0,2.566227766016839
46.0,2.6162277660168387
47.0,2.6662277660168385
48.0,2.716227766016839
49.0,2.766227766016839
50.0,2.8162277660168393
51.0,2.866227766016839
52.0,2.9162277660168394
53.0,2.9662277660168392
54.0,3.016227766016839
55.0,3.0662277660168393
56.0,3.116227766016839
57.0,3.166227766016839
58.0,3.2162277660168392
59.0,3.2662277660168395
60.0,3.3162277660168393
61.0,3.366227766016839
62.0,3.416227766016839
63.0,3.4662277660168392
64.0,3.51622776601684
65.0,3.5662277660168398
66.0,3.6162277660168396
67.0,3.6662277660168403
68.0,3.71622776601684
69.0,3.7662277660168395
70.0,3.8162277660168398
71.0,3.8662277660168396
72.0,3.916227766016839
73.0,3.9662277660168392
74.0,4.01622776601684
75.0,4.06622776601684
76.0,4.11622776601684
77.0,4.166227766016839
78.0,4.216227766016839
79.0,4.266227766016839
80.0,4.31622776601684
81.0,4.36622776601684
82.0,4.41622776601684
83.0,4.466227766016839
84.0,4.51622776601684
85.0,4.56622776601684
86.0,4.6162277660168405
87.0,4.66622776601684
88.0,4.71622776601684
89.0,4.76622776601684
90.0,4.816227766016839
91.0,4.866227766016839
92.0,4.9162277660168385
93.0,4.966227766016838
94.0,5.016227766016838
95.0,5.066227766016838
96.0,5.116227766016838
97.0,5.166227766016838
98.0,5.2162277660168375
99.0,5.266227766016837
100.0,5.316227766016838
101.0,5.366227766016838
102.0,5.4162277660168385
103.0,5.466227766016839
104.0,5.516227766016839
105.0,5.566227766016839
106.0,5.616227766016839
107.0,5.6662277660168385
108.0,5.7162277660168375
109.0,5.766227766016838
110.0,5.816227766016838
111.0,5.866227766016838
112.0,5.916227766016838
113.0,5.966227766016837
114.0,6.016227766016837
115.0,6.066227766016837
116.0,6.116227766016838
117.0,6.166227766016837
118.0,6.2162277660168375
119.0,6.266227766016838
120.0,6.316227766016838
121.0,6.366227766016838
122.0,6.416227766016838
123.0,6.466227766016838
124.0,6.516227766016838
125.0,6.566227766016838
126.0,6.616227766016838
127.0,6.6662277660168385
128.0,6.7162277660168375
129.0,6.766227766016837
130.0,6.816227766016837
131.0,6.866227766016836
132.0,6.916227766016836
133.0,6.9662277660168375
134.0,7.016227766016836
135.0,7.066227766016835
136.0,7.116227766016835
137.0,7.166227766016836
138.0,7.216227766016836
139.0,7.2662277660168355
140.0,7.316227766016835
141.0,7.366227766016834
142.0,7.416227766016835
143.0,7.466227766016834
144.0,7.516227766016835
145.0,7.5662277660168336
146.0,7.616227766016834
147.0,7.666227766016833
148.0,7.716227766016833
149.0,7.766227766016834
150.0,7.816227766016834
151.0,7.866227766016835
152.0,7.916227766016835
153.0,7.966227766016834
154.0,8.016227766016833
155.0,8.06622776601683
156.0,8.116227766016832
157.0,8.166227766016835
158.0,8.216227766016836
159.0,8.266227766016836
160.0,8.316227766016835
161.0,8.366227766016838
162.0,8.416227766016837
163.0,8.466227766016837
164.0,8.516227766016836
165.0,8.566227766016835
166.0,8.616227766016838
167.0,8.666227766016835
168.0,8.716227766016836
169.0,8.766227766016833
170.0,8.816227766016832
171.0,8.86622776601683
172.0,8.91622776601683
173.0,8.966227766016832
174.0,9.016227766016833
175.0,9.066227766016832
176.0,9.116227766016829
177.0,9.16622776601683
178.0,9.21622776601683
179.0,9.26622776601683
180.0,9.31622776601683
181.0,9.36622776601683
182.0,9.416227766016831
183.0,9.46622776601683
184.0,9.516227766016828
185.0,9.56622776601683
186.0,9.61622776601683
187.0,9.66622776601683
188.0,9.716227766016829
189.0,9.766227766016831
190.0,9.816227766016828
191.0,9.866227766016827
192.0,9.91622776601683
193.0,9.966227766016829
194.0,10.01622776601683
195.0,10.06622776601683
196.0,10.11622776601683
197.0,10.166227766016831
198.0,10.216227766016832
199.0,10.266227766016831
200.0,10.316227766016834
201.0,10.366227766016836
202.0,10.416227766016837
203.0,10.46622776601684
204.0,10.516227766016838
205.0,10.566227766016839
206.0,10.616227766016838
207.0,10.666227766016835
208.0,10.71622776601684
209.0,10.766227766016838
210.0,10.816227766016839
211.0,10.866227766016838
212.0,10.916227766016837
213.0,10.96622776601684
214.0,11.01622776601684
215.0,11.06622776601684
216.0,11.116227766016841
217.0,11.16622776601684
218.0,11.216227766016843
219.0,11.266227766016842
220.0,11.316227766016842
221.0,11.366227766016841
222.0,11.416227766016842
223.0,11.46622776601684
224.0,11.516227766016842
225.0,11.566227766016842
226.0,11.616227766016841
227.0,11.66622776601684
228.0,11.71622776601684
229.0,11.766227766016838
230.0,11.816227766016835
231.0,11.86622776601684
232.0,11.916227766016837
233.0,11.966227766016841
234.0,12.01622776601684
235.0,12.06622776601684
236.0,12.116227766016841
237.0,12.166227766016842
238.0,12.216227766016845
239.0,12.266227766016845
240.0,12.316227766016844
241.0,12.366227766016845
242.0,12.416227766016842
243.0,12.46622776601684
244.0,12.51622776601684
245.0,12.566227766016837
246.0,12.616227766016838
247.0,12.666227766016835
248.0,12.716227766016837
249.0,12.766227766016835
250.0,12.816227766016834
251.0,12.866227766016834
252.0,12.916227766016831
253.0,12.96622776601683
254.0,13.016227766016833
255.0,13.066227766016835
256.0,13.116227766016834
257.0,13.166227766016833
258.0,13.216227766016832
259.0,13.26622776601683
260.0,13.316227766016832
261.0,13.36622776601683
262.0,13.416227766016828
263.0,13.466227766016827
264.0,13.516227766016831
265.0,13.566227766016834
266.0,13.616227766016834
267.0,13.666227766016839
268.0,13.716227766016843
269.0,13.766227766016845
270.0,13.816227766016846
271.0,13.866227766016847
272.0,13.916227766016846
273.0,13.966227766016845
274.0,14.016227766016845
275.0,14.06622776601684
276.0,14.116227766016838
277.0,14.166227766016837
278.0,14.216227766016837
279.0,14.266227766016831
280.0,14.31622776601683
281.0,14.36622776601683
282.0,14.416227766016835
283.0,14.466227766016836
284.0,14.51622776601684
285.0,14.566227766016842
286.0,14.616227766016847
287.0,14.666227766016851
288.0,14.716227766016852
289.0,14.76622776601685
290.0,14.816227766016848
291.0,14.866227766016847
292.0,14.916227766016846
293.0,14.966227766016845
294.0,15.016227766016845
295.0,15.066227766016851
296.0,15.11622776601685
297.0,15.166227766016847
298.0,15.216227766016845
299.0,15.266227766016847
300.0,15.316227766016851
301.0,15.366227766016852
302.0,15.416227766016851
303.0,15.466227766016846
304.0,15.516227766016842
305.0,15.566227766016842
306.0,15.616227766016841
307.0,15.66622776601684
308.0,15.716227766016841
309.0,15.766227766016836
310.0,15.816227766016832
311.0,15.866227766016827
312.0,15.916227766016823
313.0,15.966227766016821
314.0,16.01622776601682
315.0,16.066227766016816
316.0,16.11622776601681
317.0,16.166227766016814
318.0,16.21622776601682
319.0,16.26622776601682
320.0,16.316227766016823
321.0,16.36622776601682
322.0,16.416227766016824
323.0,16.466227766016825
324.0,16.516227766016826
325.0,16.566227766016823
326.0,16.616227766016827
327.0,16.66622776601682
328.0,16.71622776601682
329.0,16.766227766016826
330.0,16.816227766016823
331.0,16.86622776601682
332.0,16.91622776601682
333.0,16.96622776601682
334.0,17.01622776601682
335.0,17.066227766016816
336.0,17.116227766016817
337.0,17.166227766016814
338.0,17.21622776601681
339.0,17.266227766016815
340.0,17.316227766016812
341.0,17.366227766016813
342.0,17.41622776601681
343.0,17.46622776601681
344.0,17.516227766016808
345.0,17.56622776601681
346.0,17.61622776601681
347.0,17.666227766016807
348.0,17.716227766016807
349.0,17.766227766016808
350.0,17.8162277660168
351.0,17.866227766016806
352.0,17.91622776601681
353.0,17.966227766016814
354.0,18.016227766016808
355.0,18.066227766016805
356.0,18.11622776601681
357.0,18.166227766016807
358.0,18.216227766016807
359.0,18.266227766016808
360.0,18.31622776601681
361.0,18.366227766016806
362.0,18.4162277660168
363.0,18.466227766016804
364.0,18.5162277660168
365.0,18.56622776601681
366.0,18.616227766016806
367.0,18.666227766016807
368.0,18.716227766016807
369.0,18.76622776601681
370.0,18.816227766016812
371.0,18.86622776601681
372.0,18.91622776601681
373.0,18.966227766016807
374.0,19.016227766016808
375.0,19.06622776601681
376.0,19.116227766016802
377.0,19.16622776601681
378.0,19.216227766016807
379.0,19.266227766016804
380.0,19.3162277660168
381.0,19.366227766016802
382.0,19.4162277660168
383.0,19.4662277660168
384.0,19.516227766016797
385.0,19.566227766016805
386.0,19.616227766016806
387.0,19.66622776601681
388.0,19.716227766016807
389.0,19.766227766016804
390.0,19.8162277660168
391.0,19.866227766016795
392.0,19.916227766016796
393.0,19.9662277660168
394.0,20.0162277660168
395.0,20.066227766016805
396.0,20.1162277660168
397.0,20.166227766016803
398.0,20.216227766016797
399.0,20.266227766016808
400.0,20.316227766016805
401.0,20.36622776601681
402.0,20.416227766016814
403.0,20.466227766016814
404.0,20.51622776601681
405.0,20.56622776601681
406.0,20.616227766016806
407.0,20.666227766016807
408.0,20.716227766016807
409.0,20.766227766016804
410.0,20.816227766016798
411.0,20.866227766016802
412.0,20.916227766016796
413.0,20.96622776601679
414.0,21.01088
415.0,21.01088
416.0,21.01088
417.0,21.01088
418.0,21.01088
419.0,21.01088
420.0,21.01088
421.0,21.01088
422.0,21.01088
423.0,21.01088
424.0,21.01088
425.0,21.01088
426.0,21.01088
427.0,21.01088
428.0,21.01088
429.0,21.01088
430.0,21.01088
431.0,21.01088
432.0,21.01088
433.0,21.01088
434.0,21.01088
435.0,21.01088
436.0,21.01088
437.0,21.01088
438.0,21.01088
439.0,21.01088
440.0,21.01088
441.0,21.01088
442.0,21.01088
443.0,21.01088
444.0,21.01088
445.0,21.01088
446.0,21.01088
447.0,21.01088
448.0,21.01088
449.0,21.01088
450.0,21.01088
451.0,21.01088
452.0,21.01088
453.0,21.01088
454.0,21.01088
455.0,21.01088
456.0,21.01088
457.0,21.01088
458.0,21.01088
459.0,21.01088
460.0,21.01088
461.0,21.01088
462.0,21.01088
463.0,21.01088
464.0,21.01088
465.0,21.01088
466.0,21.01088
467.0,21.01088
468.0,21.01088
469.0,21.01088
470.0,21.01088
471.0,21.01088
472.0,21.01088
473.0,21.01088
474.0,21.01088
475.0,21.01088
476.0,21.01088
477.0,21.01088
478.0,21.01088
479.0,21.01088
480.0,21.01088
481.0,21.01088
482.0,21.01088
483.0,21.01088
484.0,21.01088
485.0,21.01088
486.0,21.01088
487.0,21.01088
488.0,21.01088
489.0,21.01088
490.0,21.01088
491.0,21.01088
492.0,21.01088
493.0,21.01088
494.0,21.01088
495.0,21.01088
496.0,21.01088
497.0,21.01088
498.0,21.01088
499.0,21.01088
500.0,21.01088
501.0,21.01088
502.0,21.01088
503.0,21.01088
504.0,21.01088
505.0,21.01088
506.0,21.01088
507.0,21.01088
508.0,21.01088
509.0,21.01088
510.0,21.01088
511.0,21.01088
512.0,21.01088
513.0,21.01088
514.0,21.01088
515.0,21.01088
516.0,21.01088
517.0,21.01088
518.0,21.01088
519.0,21.01088
520.0,21.01088
521.0,21.01088
522.0,21.01088
523.0,21.01088
524.0,21.01088
525.0,21.01088
526.0,21.01088
527.0,21.01088
528.0,21.01088
529.0,21.01088
530.0,21.01088
531.0,21.01088
532.0,21.01088
533.0,21.01088
534.0,21.01088
535.0,21.01088
536.0,21.01088
537.0,21.01088
538.0,21.01088
539.0,21.01088
540.0,21.01088
541.0,21.01088
542.0,21.01088
543.0,21.01088
544.0,21.01088
545.0,21.01088
546.0,21.01088
547.0,21.01088
548.0,21.01088
549.0,21.01088
550.0,21.01088
551.0,21.01088
552.0,21.01088
553.0,21.01088
554.0,21.01088
555.0,21.01088
556.0,21.01088
557.0,21.01088
558.0,21.01088
559.0,21.01088
560.0,21.01088
561.0,21.01088
562.0,21.01088
563.0,21.01088
564.0,21.01088
565.0,21.01088
566.0,21.01088
567.0,21.01088
568.0,21.01088
569.0,21.01088
570.0,21.01088
571.0,21.01088
572.0,21.01088
573.0,21.01088
574.0,21.01088
575.0,21.01088
576.0,21.01088
577.0,21.01088
578.0,21.01088
579.0,21.01088
580.0,21.01088
581.0,21.01088
582.0,21.01088
583.0,21.01088
584.0,21.01088
585.0,21.01088
586.0,21.01088
587.0,21.01088
588.0,21.01088
589.0,21.01088
590.0,21.01088
591.0,21.01088
592.0,21.01088
593.0,21.01088
594.0,21.01088
595.0,21.01088
596.0,21.01088
597.0,21.01088
598.0,21.01088
599.0,21.01088
600.0,21.01088
601.0,21.01088
602.0,21.01088
603.0,21.01088
604.0,21.01088
605.0,21.01088
606.0,21.01088
607.0,21.01088
608.0,21.01088
609.0,21.01088
610.0,21.01088
611.0,21.01088
612.0,21.01088
613.0,21.01088
614.0,21.01088
615.0,21.01088
616.0,21.01088
617.0,21.01088
618.0,21.01088
619.0,21.01088
620.0,21.01088
621.0,21.01088
622.0,21.01088
623.0,21.01088
624.0,21.01088
625.0,21.01088
626.0,21.01088
627.0,21.01088
628.0,21.01088
629.0,21.01088
630.0,21.01088
631.0,21.01088
632.0,21.01088
633.0,21.01088
634.0,21.01088
635.0,21.01088
636.0,21.01088
637.0,21.01088
638.0,21.01088
639.0,21.01088
640.0,21.01088
641.0,21.01088
642.0,21.01088
643.0,21.01088
644.0,21.01088
645.0,21.01088
646.0,21.01088
647.0,21.01088
648.0,21.01088
649.0,21.01088
650.0,21.01088
651.0,21.01088
652.0,21.01088
653.0,21.01088
654.0,21.01088
655.0,21.01088
656.0,21.01088
657.0,21.01088
658.0,21.01088
659.0,21.01088
660.0,21.01088
661.0,21.01088
662.0,21.01088
663.0,21.01088
664.0,21.01088
665.0,21.01088
666.0,21.01088
667.0,21.01088
668.0,21.01088
669.0,21.01088
670.0,21.01088
671.0,21.01088
672.0,21.01088
673.0,21.01088
674.0,21.01088
675.0,21.01088
676.0,21.01088
677.0,21.01088
678.0,21.01088
679.0,21.01088
680.0,21.01088
681.0,21.01088
682.0,21.01088
683.0,21.01088
684.0,21.01088
685.0,21.01088
686.0,21.01088
687.0,21.01088
688.0,21.01088
689.0,21.01088
690.0,21.01088
691.0,21.01088
692.0,21.01088
693.0,21.01088
694.0,21.01088
695.0,21.01088
696.0,21.01088
697.0,21.01088
698.0,21.01088
699.0,21.01088
700.0,21.01088
701.0,21.01088
702.0,21.01088
703.0,21.01088
704.0,21.01088
705.0,21.01088
706.0,21.01088
707.0,21.01088
708.0,21.01088
709.0,21.01088
710.0,21.01088
711.0,21.01088
712.0,21.01088
713.0,21.01088
714.0,21.01088
715.0,21.01088
716.0,21.01088
717.0,21.01088
718.0,21.01088
719.0,21.01088
720.0,21.01088
721.0,21.01088
722.0,21.01088
723.0,21.01088
724.0,21.01088
725.0,21.01088
726.0,21.01088
727.0,21.01088
728.0,21.01088
729.0,21.01088
730.0,21.01088
731.0,21.01088
732.0,21.01088
733.0,21.01088
734.0,21.01088
735.0,21.01088
736.0,21.01088
737.0,21.01088
738.0,21.01088
739.0,21.01088
740.0,21.01088
741.0,21.01088
742.0,21.01088
743.0,21.01088
744.0,21.01088
745.0,21.01088
746.0,21.01088
747.0,21.01088
748.0,21.01088
749.0,21.01088
750.0,21.01088
751.0,21.01088
752.0,21.01088
753.0,21.01088
754.0,21.01088
755.0,21.01088
756.0,21.01088
757.0,21.01088
758.0,21.01088
759.0,21.01088
760.0,21.01088
761.0,21.01088
762.0,21.01088
763.0,21.01088
764.0,21.01088
765.0,21.01088
766.0,21.01088
767.0,21.01088
768.0,21.01088
769.0,21.01088
770.0,21.01088
771.0,21.01088
772.0,21.01088
773.0,21.01088
774.0,21.01088
775.0,21.01088
776.0,21.01088
777.0,21.01088
778.0,21.01088
779.0,21.01088
780.0,21.01088
781.0,21.01088
782.0,21.01088
783.0,21.01088
784.0,21.01088
785.0,21.01088
786.0,21.01088
787.0,21.01088
788.0,21.01088
789.0,21.01088
790.0,21.01088
791.0,21.01088
792.0,21.01088
793.0,21.01088
794.0,21.01088
795.0,21.01088
796.0,21.01088
797.0,21.01088
798.0,21.01088
799.0,21.01088
800.0,21.01088
801.0,21.01088
802.0,21.01088
803.0,21.01088
804.0,21.01088
805.0,21.01088
806.0,21.01088
807.0,21.01088
808.0,21.01088
809.0,21.01088
810.0,21.01088
811.0,21.01088
812.0,21.01088
813.0,21.01088
814.0,21.01088
815.0,21.01088
816.0,21.01088
817.0,21.01088
818.0,21.01088
819.0,21.01088
820.0,21.01088
821.0,21.01088
822.0,21.01088
823.0,21.01088
824.0,21.01088
825.0,21.01088
826.0,21.01088
827.0,21.01088
828.0,21.01088
829.0,21.01088
830.0,21.01088
831.0,21.01088
832.0,21.01088
833.0,21.01088
834.0,21.01088
835.0,21.01088
836.0,21.01088
837.0,21.01088
838.0,21.01088
839.0,21.01088
840.0,21.01088
841.0,21.01088
842.0,21.01088
843.0,21.01088
844.0,21.01088
845.0,21.01088
846.0,21.01088
847.0,21.01088
848.0,21.01088
849.0,21.01088
850.0,21.01088
851.0,21.01088
852.0,21.01088
853.0,21.01088
854.0,21.01088
855.0,21.01088
856.0,21.01088
857.0,21.01088
858.0,21.01088
859.0,21.01088
860.0,21.01088
861.0,21.01088
862.0,21.01088
863.0,21.01088
864.0,21.01088
865.0,21.01088
866.0,21.01088
867.0,21.01088
868.0,21.01088
869.0,21.01088
870.0,21.01088
871.0,21.01088
872.0,21.01088
873.0,21.01088
874.0,21.01088
875.0,21.01088
876.0,21.01088
877.0,21.01088
878.0,21.01088
879.0,21.01088
880.0,21.01088
881.0,21.01088
882.0,21.01088
883.0,21.01088
884.0,21.01088
885.0,21.01088
886.0,21.01088
887.0,21.01088
888.0,21.01088
889.0,21.01088
890.0,21.01088
891.0,21.01088
892.0,21.01088
893.0,21.01088
894.0,21.01088
895.0,21.01088
896.0,21.01088
897.0,21.01088
898.0,21.01088
899.0,21.01088
900.0,21.01088
901.0,21.01088
902.0,21.01088
903.0,21.01088
904.0,21.01088
905.0,21.01088
906.0,21.01088
907.0,21.01088
908.0,21.01088
909.0,21.01088
910.0,21.01088
911.0,21.01088
912.0,21.01088
913.0,21.01088
914.0,21.01088
915.0,21.01088
916.0,21.01088
917.0,21.01088
918.0,21.01088
919.0,21.01088
920.0,21.01088
921.0,21.01088
922.0,21.01088
923.0,21.01088
924.0,21.01088
925.0,21.01088
926.0,21.01088
927.0,21.01088
928.0,21.01088
929.0,21.01088
930.0,21.01088
931.0,21.01088
932.0,21.01088
933.0,21.01088
934.0,21.01088
935.0,21.01088
936.0,21.01088
937.0,21.01088
938.0,21.01088
939.0,21.01088
940.0,21.01088
941.0,21.01088
942.0,21.01088
943.0,21.01088
944.0,21.01088
945.0,21.01088
946.0,21.01088
947.0,21.01088
948.0,21.01088
949.0,21.01088
950.0,21.01088
951.0,21.01088
952.0,21.01088
953.0,21.01088
954.0,21.01088
955.0,21.01088
956.0,21.01088
957.0,21.01088
958.0,21.01088
959.0,21.01088
960.0,21.01088
961.0,21.01088
962.0,21.01088
963.0,21.01088
964.0,21.01088
965.0,21.01088
966.0,21.01088
967.0,21.01088
968.0,21.01088
969.0,21.01088
970.0,21.01088
971.0,21.01088
972.0,21.01088
973.0,21.01088
974.0,21.01088
975.0,21.01088
976.0,21.01088
977.0,21.01088
978.0,21.01088
979.0,21.01088
980.0,21.01088
981.0,21.01088
982.0,21.01088
983.0,21.01088
984.0,21.01088
985.0,21.01088
986.0,21.01088
987.0,21.01088
988.0,21.01088
989.0,21.01088
990.0,21.01088
991.0,21.01088
992.0,21.01088
993.0,21.01088
994.0,21.01088
995.0,21.01088
996.0,21.01088
997.0,21.01088
998.0,21.01088
999.0,21.01088
1000.0,21.01088
1001.0,21.01088
1002.0,21.01088
1003.0,21.01088
1004.0,21.01088
1005.0,21.01088
1006.0,21.01088
1007.0,21.01088
1008.0,21.01088
1009.0,21.01088
1010.0,21.01088
1011.0,21.01088
1012.0,21.01088
1013.0,21.01088
1014.0,21.01088
1015.0,21.01088
1016.0,21.01088
1017.0,21.01088
1018.0,21.01088
1019.0,21.01088
1020.0,21.01088
1021.0,21.01088
1022.0,21.01088
1023.0,21.01088
1024.0,21.01088
1025.0,21.01088
1026.0,21.01088
1027.0,21.01088
1028.0,21.01088
1029.0,21.01088
1030.0,21.01088
1031.0,21.01088
1032.0,21.01088
1033.0,21.01088
1034.0,21.01088
1035.0,21.01088
1036.0,21.01088
1037.0,21.01088
1038.0,21.01088
1039.0,21.01088
1040.0,21.01088
1041.0,21.01088
1042.0,21.01088
1043.0,21.01088
1044.0,21.01088
1045.0,21.01088
1046.0,21.01088
1047.0,21.01088
1048.0,21.01088
1049.0,21.01088
1050.0,21.01088
1051.0,21.01088
1052.0,21.01088
1053.0,21.01088
1054.0,21.01088
1055.0,21.01088
1056.0,21.01088
1057.0,21.01088
1058.0,21.01088
1059.0,21.01088
1060.0,21.01088
1061.0,21.01088
1062.0,21.01088
1063.0,21.01088
1064.0,21.01088
1065.0,21.01088
1066.0,21.01088
1067.0,21.01088
1068.0,21.01088
1069.0,21.01088
1070.0,21.01088
1071.0,21.01088
1072.0,21.01088
1073.0,21.01088
1074.0,21.01088
1075.0,21.01088
1076.0,21.01088
1077.0,21.01088
1078.0,21.01088
1079.0,21.01088
1080.0,21.01088
1081.0,21.01088
1082.0,21.01088
1083.0,21.01088
1084.0,21.01088
1085.0,21.01088
1086.0,21.01088
1087.0,21.01088
1088.0,21.01088
1089.0,21.01088
1090.0,21.01088
1091.0,21.01088
1092.0,21.01088
1093.0,21.01088
1094.0,21.01088
1095.0,21.01088
1096.0,21.01088
1097.0,21.01088
1098.0,21.01088
1099.0,21.01088
1100.0,21.01088
1101.0,21.01088
1102.0,21.01088
1103.0,21.01088
1104.0,21.01088
1105.0,21.01088
1106.0,21.01088
1107.0,21.01088
1108.0,21.01088
1109.0,21.01088
1110.0,21.01088
1111.0,21.01088
1112.0,21.01088
1113.0,21.01088
1114.0,21.01088
1115.0,21.01088
1116.0,21.01088
1117.0,21.01088
1118.0,21.01088
1119.0,21.01088
1120.0,21.01088
1121.0,21.01088
1122.0,21.01088
1123.0,21.01088
1124.0,21.01088
1125.0,21.01088
1126.0,21.01088
1127.0,21.01088
1128.0,21.01088
1129.0,21.01088
1130.0,21.01088
1131.0,21.01088
1132.0,21.01088
1133.0,21.01088
1134.0,21.01088
1135.0,21.01088
1136.0,21.01088
1137.0,21.01088
1138.0,21.01088
1139.0,21.01088
1140.0,21.01088
1141.0,21.01088
1142.0,21.01088
1143.0,21.01088
1144.0,21.01088
1145.0,21.01088
1146.0,21.01088
1147.0,21.01088
1148.0,21.01088
1149.0,21.01088
1150.0,21.01088
1151.0,21.01088
1152.0,21.01088
1153.0,21.01088
1154.0,21.01088
1155.0,21.01088
1156.0,21.01088
1157.0,21.01088
1158.0,21.01088
1159.0,21.01088
1160.0,21.01088
1161.0,21.01088
1162.0,21.01088
1163.0,21.01088
1164.0,21.01088
1165.0,21.01088
1166.0,21.01088
1167.0,21.01088
1168.0,21.01088
1169.0,21.01088
1170.0,21.01088
1171.0,21.01088
1172.0,21.01088
1173.0,21.01088
1174.0,21.01088
1175.0,21.01088
1176.0,21.01088
1177.0,21.01088
1178.0,21.01088
1179.0,21.01088
1180.0,21.01088
1181.0,21.01088
1182.0,21.01088
1183.0,21.01088
1184.0,21.01088
1185.0,21.01088
1186.0,21.01088
1187.0,21.01088
1188.0,21.01088
1189.0,21.01088
1190.0,21.01088
1191.0,21.01088
1192.0,21.01088
1193.0,21.01088
1194.0,21.01088
1195.0,21.01088
1196.0,21.01088
1197.0,21.01088
1198.0,21.01088
1199.0,21.01088
1200.0,21.01088
1201.0,21.01088
1202.0,21.01088
1203.0,21.01088
1204.0,21.01088
1205.0,21.01088
1206.0,21.01088
1207.0,21.01088
1208.0,21.01088
1209.0,21.01088
1210.0,21.01088
1211.0,21.01088
1212.0,21.01088
1213.0,21.01088
1214.0,21.01088
1215.0,21.01088
1216.0,21.01088
1217.0,21.01088
1218.0,21.01088
1219.0,21.01088
1220.0,21.01088
1221.0,21.01088
1222.0,21.01088
1223.0,21.01088
1224.0,21.01088
1225.0,21.01088
1226.0,21.01088
1227.0,21.01088
1228.0,21.01088
1229.0,21.01088
1230.0,21.01088
1231.0,21.01088
1232.0,21.01088
1233.0,21.01088
1234.0,21.01088
1235.0,21.01088
1236.0,21.01088
1237.0,21.01088
1238.0,21.01088
1239.0,21.01088
1240.0,21.01088
1241.0,21.01088
1242.0,21.01088
1243.0,21.01088
1244.0,21.01088
1245.0,21.01088
1246.0,21.01088
1247.0,21.01088
1248.0,21.01088
1249.0,21.01088
1250.0,21.01088
1251.0,21.01088
1252.0,21.01088
1253.0,21.01088
1254.0,21.01088
1255.0,21.01088
1256.0,21.01088
1257.0,21.01088
1258.0,21.01088
1259.0,21.01088
1260.0,21.01088
1261.0,21.01088
1262.0,21.01088
1263.0,21.01088
1264.0,21.01088
1265.0,21.01088
1266.0,21.01088
1267.0,21.01088
1268.0,21.01088
1269.0,21.01088
1270.0,21.01088
1271.0,21.01088
1272.0,21.01088
1273.0,21.01088
1274.0,21.01088
1275.0,21.01088
1276.0,21.01088
1277.0,21.01088
1278.0,21.01088
1279.0,21.01088
1280.0,21.01088
1281.0,21.01088
1282.0,21.01088
1283.0,21.01088
1284.0,21.01088
1285.0,21.01088
1286.0,21.01088
1287.0,21.01088
1288.0,21.01088
1289.0,21.01088
1290.0,21.01088
1291.0,21.01088
1292.0,21.01088
1293.0,21.01088
1294.0,21.01088
1295.0,21.01088
1296.0,21.01088
1297.0,21.01088
1298.0,21.01088
1299.0,21.01088
1300.0,21.01088
1301.0,21.01088
1302.0,21.01088
1303.0,21.01088
1304.0,21.01088
1305.0,21.01088
1306.0,21.01088
1307.0,21.01088
1308.0,21.01088
1309.0,21.01088
1310.0,21.01088
1311.0,21.01088
1312.0,21.01088
1313.0,21.01088
1314.0,21.01088
1315.0,21.01088
1316.0,21.01088
1317.0,21.01088
1318.0,21.01088
1319.0,21.01088
1320.0,21.01088
1321.0,21.01088
1322.0,21.01088
1323.0,21.01088
1324.0,21.01088
1325.0,21.01088
1326.0,21.01088
1327.0,21.01088
1328.0,21.01088
1329.0,21.01088
1330.0,21.01088
1331.0,21.01088
1332.0,21.01088
1333.0,21.01088
1334.0,21.01088
1335.0,21.01088
1336.0,21.01088
1337.0,21.01088
1338.0,21.01088
1339.0,21.01088
1340.0,21.01088
1341.0,21.01088
1342.0,21.01088
1343.0,21.01088
1344.0,21.01088
1345.0,21.01088
1346.0,21.01088
1347.0,21.01088
1348.0,21.01088
1349.0,21.01088
1350.0,21.01088
1351.0,21.01088
1352.0,21.01088
1353.0,21.01088
1354.0,21.01088
1355.0,21.01088
1356.0,21.01088
1357.0,21.01088
1358.0,21.01088
1359.0,21.01088
1360.0,21.01088
1361.0,21.01088
1362.0,21.01088
1363.0,21.01088
1364.0,21.01088
1365.0,21.01088
1366.0,21.01088
1367.0,21.01088
1368.0,21.01088
1369.0,21.01088
1370.0,21.01088
1371.0,21.01088
1372.0,21.01088
1373.0,21.01088
1374.0,21.01088
1375.0,21.01088
1376.0,21.01088
1377.0,21.01088
1378.0,21.01088
1379.0,21.01088
1380.0,21.01088
1381.0,21.01088
1382.0,21.01088
1383.0,21.01088
1384.0,21.01088
1385.0,21.01088
1386.0,21.01088
1387.0,21.01088
1388.0,21.01088
1389.0,21.01088
1390.0,21.01088
1391.0,21.01088
1392.0,21.01088
1393.0,21.01088
1394.0,21.01088
1395.0,21.01088
1396.0,21.01088
1397.0,21.01088
1398.0,21.01088
1399.0,21.01088
1400.0,21.01088
1401.0,21.01088
1402.0,21.01088
1403.0,21.01088
1404.0,21.01088
1405.0,21.01088
1406.0,21.01088
1407.0,21.01088
1408.0,21.01088
1409.0,21.01088
1410.0,21.01088
1411.0,21.01088
1412.0,21.01088
1413.0,21.01088
1414.0,21.01088
1415.0,21.01088
1416.0,21.01088
1417.0,21.01088
1418.0,21.01088
1419.0,21.01088
1420.0,21.01088
1421.0,21.01088
1422.0,21.01088
1423.0,21.01088
1424.0,21.01088
1425.0,21.01088
1426.0,21.01088
1427.0,21.01088
1428.0,21.01088
1429.0,21.01088
1430.0,21.01088
1431.0,21.01088
1432.0,21.01088
1433.0,21.01088
1434.0,21.01088
1435.0,21.01088
1436.0,21.01088
1437.0,21.01088
1438.0,21.01088
1439.0,21.01088
1440.0,21.01088
1441.0,21.01088
1442.0,21.01088
1443.0,21.01088
1444.0,21.01088
1445.0,21.01088
1446.0,21.01088
1447.0,21.01088
1448.0,21.01088
1449.0,21.01088
1450.0,21.01088
1451.0,21.01088
1452.0,21.01088
1453.0,21.01088
1454.0,21.01088
1455.0,21.01088
1456.0,21.01088
1457.0,21.01088
1458.0,21.01088
1459.0,21.01088
1460.0,21.01088
1461.0,21.01088
1462.0,21.01088
1463.0,21.01088
1464.0,21.01088
1465.0,21.01088
1466.0,21.01088
1467.0,21.01088
1468.0,21.01088
1469.0,21.01088
1470.0,21.01088
1471.0,21.01088
1472.0,21.01088
1473.0,21.01088
1474.0,21.01088
1475.0,21.01088
1476.0,21.01088
1477.0,21.01088
1478.0,21.01088
1479.0,21.01088
1480.0,21.01088
1481.0,21.01088
1482.0,21.01088
1483.0,21.01088
1484.0,21.01088
1485.0,21.01088
1486.0,21.01088
1487.0,21.01088
1488.0,21.01088
1489.0,21.01088
1490.0,21.01088
1491.0,21.01088
1492.0,21.01088
1493.0,21.01088
1494.0,21.01088
1495.0,21.01088
1496.0,21.01088
1497.0,21.01088
1498.0,21.01088
1499.0,21.01088
1500.0,21.01088
1501.0,21.01088
1502.0,21.01088
1503.0,21.01088
1504.0,21.01088
1505.0,21.01088
1506.0,21.01088
1507.0,21.01088
1508.0,21.01088
1509.0,21.01088
1510.0,21.01088
1511.0,21.01088
1512.0,21.01088
1513.0,21.01088
1514.0,21.01088
1515.0,21.01088
1516.0,21.01088
1517.0,21.01088
1518.0,21.01088
1519.0,21.01088
1520.0,21.01088
1521.0,21.01088
1522.0,21.01088
1523.0,21.01088
1524.0,21.01088
1525.0,21.01088
1526.0,21.01088
1527.0,21.01088
1528.0,21.01088
1529.0,21.01088
1530.0,21.01088
1531.0,21.01088
1532.0,21.01088
1533.0,21.01088
1534.0,21.01088
1535.0,21.01088
1536.0,21.01088
1537.0,21.01088
1538.0,21.01088
1539.0,21.01088
1540.0,21.01088
1541.0,21.01088
1542.0,21.01088
1543.0,21.01088
1544.0,21.01088
1545.0,21.01088
1546.0,21.01088
1547.0,21.01088
1548.0,21.01088
1549.0,21.01088
1550.0,21.01088
1551.0,21.01088
1552.0,21.01088
1553.0,21.01088
1554.0,21.01088
1555.0,21.01088
1556.0,21.01088
1557.0,21.01088
1558.0,21.01088
1559.0,21.01088
1560.0,21.01088
1561.0,21.01088
1562.0,21.01088
1563.0,21.01088
1564.0,21.01088
1565.0,21.01088
1566.0,21.01088
1567.0,21.01088
1568.0,21.01088
1569.0,21.01088
1570.0,21.01088
1571.0,21.01088
1572.0,21.01088
1573.0,21.01088
1574.0,21.01088
1575.0,21.01088
1576.0,21.01088
1577.0,21.01088
1578.0,21.01088
1579.0,21.01088
1580.0,21.01088
1581.0,21.01088
1582.0,21.01088
1583.0,21.01088
1584.0,21.01088
1585.0,21.01088
1586.0,21.01088
1587.0,21.01088
1588.0,21.01088
1589.0,21.01088
1590.0,21.01088
1591.0,21.01088
1592.0,21.01088
1593.0,21.01088
1594.0,21.01088
1595.0,21.01088
1596.0,21.01088
1597.0,21.01088
1598.0,21.01088
1599.0,21.01088
1600.0,21.01088
1601.0,21.01088
1602.0,21.01088
1603.0,21.01088
1604.0,21.01088
1605.0,21.01088
1606.0,21.01088
1607.0,21.01088
1608.0,21.01088
1609.0,21.01088
1610.0,21.01088
1611.0,21.01088
1612.0,21.01088
1613.0,21.01088
1614.0,21.01088
1615.0,21.01088
1616.0,21.01088
1617.0,21.01088
1618.0,21.01088
1619.0,21.01088
1620.0,21.01088
1621.0,21.01088
1622.0,21.01088
1623.0,21.01088
1624.0,21.01088
1625.0,21.01088
1626.0,21.01088
1627.0,21.01088
1628.0,21.01088
1629.0,21.01088
1630.0,21.01088
1631.0,21.01088
1632.0,21.01088
1633.0,21.01088
1634.0,21.01088
1635.0,21.01088
1636.0,21.01088
1637.0,21.01088
1638.0,21.01088
1639.0,21.01088
1640.0,21.01088
1641.0,21.01088
1642.0,21.01088
1643.0,21.01088
1644.0,21.01088
1645.0,21.01088
1646.0,21.01088
1647.0,21.01088
1648.0,21.01088
1649.0,21.01088
1650.0,21.01088
1651.0,21.01088
1652.0,21.01088
1653.0,21.01088
1654.0,21.01088
1655.0,21.01088
1656.0,21.01088
1657.0,21.01088
1658.0,21.01088
1659.0,21.01088
1660.0,21.01088
1661.0,21.01088
1662.0,21.01088
1663.0,21.01088
1664.0,21.01088
1665.0,21.01088
1666.0,21.01088
1667.0,21.01088
1668.0,21.01088
1669.0,21.01088
1670.0,21.01088
1671.0,21.01088
1672.0,21.01088
1673.0,21.01088
1674.0,21.01088
1675.0,21.01088
1676.0,21.01088
1677.0,21.01088
1678.0,21.01088
1679.0,21.01088
1680.0,21.01088
1681.0,21.01088
1682.0,21.01088
1683.0,21.01088
1684.0,21.01088
1685.0,21.01088
1686.0,21.01088
1687.0,21.01088
1688.0,21.01088
1689.0,21.01088
1690.0,21.01088
1691.0,21.01088
1692.0,21.01088
1693.0,21.01088
1694.0,21.01088
1695.0,21.01088
1696.0,21.01088
1697.0,21.01088
1698.0,21.01088
1699.0,21.01088
1700.0,21.01088
1701.0,21.01088
1702.0,21.01088
1703.0,21.01088
1704.0,21.01088
1705.0,21.01088
1706.0,21.01088
1707.0,21.01088
1708.0,21.01088
1709.0,21.01088
1710.0,21.01088
1711.0,21.01088
1712.0,21.01088
1713.0,21.01088
1714.0,21.01088
1715.0,21.01088
1716.0,21.01088
1717.0,21.01088
1718.0,21.01088
1719.0,21.01088
1720.0,21.01088
1721.0,21.01088
1722.0,21.01088
1723.0,21.01088
1724.0,21.01088
1725.0,21.01088
1726.0,21.01088
1727.0,21.01088
1728.0,21.01088
1729.0,21.01088
1730.0,21.01088
1731.0,21.01088
1732.0,21.01088
1733.0,21.01088
1734.0,21.01088
1735.0,21.01088
1736.0,21.01088
1737.0,21.01088
1738.0,21.01088
1739.0,21.01088
1740.0,21.01088
1741.0,21.01088
1742.0,21.01088
1743.0,21.01088
1744.0,21.01088
1745.0,21.01088
1746.0,21.01088
1747.0,21.01088
1748.0,21.01088
1749.0,21.01088
1750.0,21.01088
1751.0,21.01088
1752.0,21.01088
1753.0,21.01088
1754.0,21.01088
1755.0,21.01088
1756.0,21.01088
1757.0,21.01088
1758.0,21.01088
1759.0,21.01088
1760.0,21.01088
1761.0,21.01088
1762.0,21.01088
1763.0,21.01088
1764.0,21.01088
1765.0,21.01088
1766.0,21.01088
1767.0,21.01088
1768.0,21.01088
1769.0,21.01088
1770.0,21.01088
1771.0,21.01088
1772.0,21.01088
1773.0,21.01088
1774.0,21.01088
1775.0,21.01088
1776.0,21.01088
1777.0,21.01088
1778.0,21.01088
1779.0,21.01088
1780.0,21.01088
1781.0,21.01088
1782.0,21.01088
1783.0,21.01088
1784.0,21.01088
1785.0,21.01088
1786.0,21.01088
1787.0,21.01088
1788.0,21.01088
1789.0,21.01088
1790.0,21.01088
1791.0,21.01088
1792.0,21.01088
1793.0,21.01088
1794.0,21.01088
1795.0,21.01088
1796.0,21.01088
1797.0,21.01088
1798.0,21.01088
1799.0,21.01088
1800.0,21.01088
1801.0,21.01088
1802.0,21.01088
1803.0,21.01088
1804.0,21.01088
1805.0,21.01088
1806.0,21.01088
1807.0,21.01088
1808.0,21.01088
1809.0,21.01088
1810.0,21.01088
1811.0,21.01088
1812.0,21.01088
1813.0,21.01088
1814.0,21.01088
1815.0,21.01088
1816.0,21.01088
1817.0,21.01088
1818.0,21.01088
1819.0,21.01088
1820.0,21.01088
1821.0,21.01088
1822.0,21.01088
1823.0,21.01088
1824.0,21.01088
1825.0,21.01088
1826.0,21.01088
1827.0,21.01088
1828.0,21.01088
1829.0,21.01088
1830.0,21.01088
1831.0,21.01088
1832.0,21.01088
1833.0,21.01088
1834.0,21.01088
1835.0,21.01088
1836.0,21.01088
1837.0,21.01088
1838.0,21.01088
1839.0,21.01088
1840.0,21.01088
1841.0,21.01088
1842.0,21.01088
1843.0,21.01088
1844.0,21.01088
1845.0,21.01088
1846.0,21.01088
1847.0,21.01088
1848.0,21.01088
1849.0,21.01088
1850.0,21.01088
1851.0,21.01088
1852.0,21.01088
1853.0,21.01088
1854.0,21.01088
1855.0,21.01088
1856.0,21.01088
1857.0,21.01088
1858.0,21.01088
1859.0,21.01088
1860.0,21.01088
1861.0,21.01088
1862.0,21.01088
1863.0,21.01088
1864.0,21.01088
1865.0,21.01088
1866.0,21.01088
1867.0,21.01088
1868.0,21.01088
1869.0,21.01088
1870.0,21.01088
1871.0,21.01088
1872.0,21.01088
1873.0,21.01088
1874.0,21.01088
1875.0,21.01088
1876.0,21.01088
1877.0,21.01088
1878.0,21.01088
1879.0,21.01088
1880.0,21.01088
1881.0,21.01088
1882.0,21.01088
1883.0,21.01088
1884.0,21.01088
1885.0,21.01088
1886.0,21.01088
1887.0,21.01088
1888.0,21.01088
1889.0,21.01088
1890.0,21.01088
1891.0,21.01088
1892.0,21.01088
1893.0,21.01088
1894.0,21.01088
1895.0,21.01088
1896.0,21.01088
1897.0,21.01088
1898.0,21.01088
1899.0,21.01088
1900.0,21.01088
1901.0,21.01088
1902.0,21.01088
1903.0,21.01088
1904.0,21.01088
1905.0,21.01088
1906.0,21.01088
1907.0,21.01088
1908.0,21.01088
1909.0,21.01088
1910.0,21.01088
1911.0,21.01088
1912.0,21.01088
1913.0,21.01088
1914.0,21.01088
1915.0,21.01088
1916.0,21.01088
1917.0,21.01088
1918.0,21.01088
1919.0,21.01088
1920.0,21.01088
1921.0,21.01088
1922.0,21.01088
1923.0,21.01088
1924.0,21.01088
1925.0,21.01088
1926.0,21.01088
1927.0,21.01088
1928.0,21.01088
1929.0,21.01088
1930.0,21.01088
1931.0,21.01088
1932.0,21.01088
1933.0,21.01088
1934.0,21.01088
1935.0,21.01088
1936.0,21.01088
1937.0,21.01088
1938.0,21.01088
1939.0,21.01088
1940.0,21.01088
1941.0,21.01088
1942.0,21.01088
1943.0,21.01088
1944.0,21.01088
1945.0,21.01088
1946.0,21.01088
1947.0,21.01088
1948.0,21.01088
1949.0,21.01088
1950.0,21.01088
1951.0,21.01088
1952.0,21.01088
1953.0,21.01088
1954.0,21.01088
1955.0,21.01088
1956.0,21.01088
1957.0,21.01088
1958.0,21.01088
1959.0,21.01088
1960.0,21.01088
1961.0,21.01088
1962.0,21.01088
1963.0,21.01088
1964.0,21.01088
1965.0,21.01088
1966.0,21.01088
1967.0,21.01088
1968.0,21.01088
1969.0,21.01088
1970.0,21.01088
1971.0,21.01088
1972.0,21.01088
1973.0,21.01088
1974.0,21.01088
1975.0,21.01088
1976.0,21.01088
1977.0,21.01088
1978.0,21.01088
1979.0,21.01088
1980.0,21.01088
1981.0,21.01088
1982.0,21.01088
1983.0,21.01088
1984.0,21.01088
1985.0,21.01088
1986.0,21.01088
1987.0,21.01088
1988.0,21.01088
1989.0,21.01088
1990.0,21.01088
1991.0,21.01088
1992.0,21.01088
1993.0,21.01088
1994.0,21.01088
1995.0,21.01088
1996.0,21.01088
1997.0,21.01088
1998.0,21.01088
1999.0,21.01088
2000.0,21.01088
2001.0,21.01088
2002.0,21.01088
2003.0,21.01088
2004.0,21.01088
2005.0,21.01088
2006.0,21.01088
2007.0,21.01088
2008.0,21.01088
2009.0,21.01088
2010.0,21.01088
2011.0,21.01088
2012.0,21.01088
2013.0,21.01088
2014.0,21.01088
2015.0,21.01088
2016.0,21.01088
2017.0,21.01088
2018.0,21.01088
2019.0,21.01088
2020.0,21.01088
2021.0,21.01088
2022.0,21.01088
2023.0,21.01088
2024.0,21.01088
2025.0,21.01088
2026.0,21.01088
2027.0,21.01088
2028.0,21.01088
2029.0,21.01088
2030.0,21.01088
2031.0,21.01088
2032.0,21.01088
2033.0,21.01088
2034.0,21.01088
2035.0,21.01088
2036.0,21.01088
2037.0,21.01088
2038.0,21.01088
2039.0,21.01088
2040.0,21.01088
2041.0,21.01088
2042.0,21.01088
2043.0,21.01088
2044.0,21.01088
2045.0,21.01088
2046.0,21.01088
2047.0,21.01088
2048.0,21.01088
2049.0,21.01088
2050.0,21.01088
2051.0,21.01088
2052.0,21.01088
2053.0,21.01088
2054.0,21.01088
2055.0,21.01088
2056.0,21.01088
2057.0,21.01088
2058.0,21.01088
2059.0,21.01088
2060.0,21.01088
2061.0,21.01088
2062.0,21.01088
2063.0,21.01088
2064.0,21.01088
2065.0,21.01088
2066.0,21.01088
2067.0,21.01088
2068.0,21.01088
2069.0,21.01088
2070.0,21.01088
2071.0,21.01088
2072.0,21.01088
2073.0,21.01088
2074.0,21.01088
2075.0,21.01088
2076.0,21.01088
2077.0,21.01088
2078.0,21.01088
2079.0,21.01088
2080.0,21.01088
2081.0,21.01088
2082.0,21.01088
2083.0,21.01088
2084.0,21.01088
2085.0,21.01088
2086.0,21.01088
2087.0,21.01088
2088.0,21.01088
2089.0,21.01088
2090.0,21.01088
2091.0,21.01088
2092.0,21.01088
2093.0,21.01088
2094.0,21.01088
2095.0,21.01088
2096.0,21.01088
2097.0,21.01088
2098.0,21.01088
2099.0,21.01088
2100.0,21.01088
2101.0,21.01088
2102.0,21.01088
2103.0,21.01088
2104.0,21.01088
2105.0,21.01088
2106.0,21.01088
2107.0,21.01088
2108.0,21.01088
2109.0,21.01088
2110.0,21.01088
2111.0,21.01088
2112.0,21.01088
2113.0,21.01088
2114.0,21.01088
2115.0,21.01088
2116.0,21.01088
2117.0,21.01088
2118.0,21.01088
2119.0,21.01088
2120.0,21.01088
2121.0,21.01088
2122.0,21.01088
2123.0,21.01088
2124.0,21.01088
2125.0,21.01088
2126.0,21.01088
2127.0,21.01088
2128.0,21.01088
2129.0,21.01088
2130.0,21.01088
2131.0,21.01088
2132.0,21.01088
2133.0,21.01088
2134.0,21.01088
2135.0,21.01088
2136.0,21.01088
2137.0,21.01088
2138.0,21.01088
2139.0,21.01088
2140.0,21.01088
2141.0,21.01088
2142.0,21.01088
2143.0,21.01088
2144.0,21.01088
2145.0,21.01088
2146.0,21.01088
2147.0,21.01088
2148.0,21.01088
2149.0,21.01088
2150.0,21.01088
2151.0,21.01088
2152.0,21.01088
2153.0,21.01088
2154.0,21.01088
2155.0,21.01088
2156.0,21.01088
2157.0,21.01088
2158.0,21.01088
2159.0,21.01088
2160.0,21.01088
2161.0,21.01088
2162.0,21.01088
2163.0,21.01088
2164.0,21.01088
2165.0,21.01088
2166.0,21.01088
2167.0,21.01088
2168.0,21.01088
2169.0,21.01088
2170.0,21.01088
2171.0,21.01088
2172.0,21.01088
2173.0,21.01088
2174.0,21.01088
2175.0,21.01088
2176.0,21.01088
2177.0,21.01088
2178.0,21.01088
2179.0,21.01088
2180.0,21.01088
2181.0,21.01088
2182.0,21.01088
2183.0,21.01088
2184.0,21.01088
2185.0,21.01088
2186.0,21.01088
2187.0,21.01088
2188.0,21.01088
2189.0,21.01088
2190.0,21.01088
2191.0,21.01088
2192.0,21.01088
2193.0,21.01088
2194.0,21.01088
2195.0,21.01088
2196.0,21.01088
2197.0,21.01088
2198.0,21.01088
2199.0,21.01088
2200.0,21.01088
2201.0,21.01088
2202.0,21.01088
2203.0,21.01088
2204.0,21.01088
2205.0,21.01088
2206.0,21.01088
2207.0,21.01088
2208.0,21.01088
2209.0,21.01088
2210.0,21.01088
2211.0,21.01088
2212.0,21.01088
2213.0,21.01088
2214.0,21.01088
2215.0,21.01088
2216.0,21.01088
2217.0,21.01088
2218.0,21.01088
2219.0,21.01088
2220.0,21.01088
2221.0,21.01088
2222.0,21.01088
2223.0,21.01088
2224.0,21.01088
2225.0,21.01088
2226.0,21.01088
2227.0,21.01088
2228.0,21.01088
2229.0,21.01088
2230.0,21.01088
2231.0,21.01088
2232.0,21.01088
2233.0,21.01088
2234.0,21.01088
2235.0,21.01088
2236.0,21.01088
2237.0,21.01088
2238.0,21.01088
2239.0,21.01088
2240.0,21.01088
2241.0,21.01088
2242.0,21.01088
2243.0,21.01088
2244.0,21.01088
2245.0,21.01088
2246.0,21.01088
2247.0,21.01088
2248.0,21.01088
2249.0,21.01088
2250.0,21.01088
2251.0,21.01088
2252.0,21.01088
2253.0,21.01088
2254.0,21.01088
2255.0,21.01088
2256.0,21.01088
2257.0,21.01088
2258.0,21.01088
2259.0,21.01088
2260.0,21.01088
2261.0,21.01088
2262.0,21.01088
2263.0,21.01088
2264.0,21.01088
2265.0,21.01088
2266.0,21.01088
2267.0,21.01088
2268.0,21.01088
2269.0,21.01088
2270.0,21.01088
2271.0,21.01088
2272.0,21.01088
2273.0,21.01088
2274.0,21.01088
2275.0,21.01088
2276.0,21.01088
2277.0,21.01088
2278.0,21.01088
2279.0,21.01088
2280.0,21.01088
2281.0,21.01088
2282.0,21.01088
2283.0,21.01088
2284.0,21.01088
2285.0,21.01088
2286.0,21.01088
2287.0,21.01088
2288.0,21.01088
2289.0,21.01088
2290.0,21.01088
2291.0,21.01088
2292.0,21.01088
2293.0,21.01088
2294.0,21.01088
2295.0,21.01088
2296.0,21.01088
2297.0,21.01088
2298.0,21.01088
2299.0,21.01088
2300.0,21.01088
2301.0,21.01088
2302.0,21.01088
2303.0,21.01088
2304.0,21.01088
2305.0,21.01088
2306.0,21.01088
2307.0,21.01088
2308.0,21.01088
2309.0,21.01088
2310.0,21.01088
2311.0,21.01088
2312.0,21.01088
2313.0,21.01088
2314.0,21.01088
2315.0,21.01088
2316.0,21.01088
2317.0,21.01088
2318.0,21.01088
2319.0,21.01088
2320.0,21.01088
2321.0,21.01088
2322.0,21.01088
2323.0,21.01088
2324.0,21.01088
2325.0,21.01088
2326.0,21.01088
2327.0,21.01088
2328.0,21.01088
2329.0,21.01088
2330.0,21.01088
2331.0,21.01088
2332.0,21.01088
2333.0,21.01088
2334.0,21.01088
2335.0,21.01088
2336.0,21.01088
2337.0,21.01088
2338.0,21.01088
2339.0,21.01088
2340.0,21.01088
2341.0,21.01088
2342.0,21.01088
2343.0,21.01088
2344.0,21.01088
2345.0,21.01088
2346.0,21.01088
2347.0,21.01088
2348.0,21.01088
2349.0,21.01088
2350.0,21.01088
2351.0,21.01088
2352.0,21.01088
2353.0,21.01088
2354.0,21.01088
2355.0,21.01088
2356.0,21.01088
2357.0,21.01088
2358.0,21.01088
2359.0,21.01088
2360.0,21.01088
2361.0,21.01088
2362.0,21.01088
2363.0,21.01088
2364.0,21.01088
2365.0,21.01088
2366.0,21.01088
2367.0,21.01088
2368.0,21.01088
2369.0,21.01088
2370.0,21.01088
2371.0,21.01088
2372.0,21.01088
2373.0,21.01088
2374.0,21.01088
2375.0,21.01088
2376.0,21.01088
2377.0,21.01088
2378.0,21.01088
2379.0,21.01088
2380.0,21.01088
2381.0,21.01088
2382.0,21.01088
2383.0,21.01088
2384.0,21.01088
2385.0,21.01088
2386.0,21.01088
2387.0,21.01088
2388.0,21.01088
2389.0,21.01088
2390.0,21.01088
2391.0,21.01088
2392.0,21.01088
2393.0,21.01088
2394.0,21.01088
2395.0,21.01088
2396.0,21.01088
2397.0,21.01088
2398.0,21.01088
2399.0,21.01088
2400.0,21.01088
2401.0,21.01088
2402.0,21.01088
2403.0,21.01088
2404.0,21.01088
2405.0,21.01088
2406.0,21.01088
2407.0,21.01088
2408.0,21.01088
2409.0,21.01088
2410.0,21.01088
2411.0,21.01088
2412.0,21.01088
2413.0,21.01088
2414.0,21.01088
2415.0,21.01088
2416.0,21.01088
2417.0,21.01088
2418.0,21.01088
2419.0,21.01088
2420.0,21.01088
2421.0,21.01088
2422.0,21.01088
2423.0,21.01088
2424.0,21.01088
2425.0,21.01088
2426.0,21.01088
2427.0,21.01088
2428.0,21.01088
2429.0,21.01088
2430.0,21.01088
2431.0,21.01088
2432.0,21.01088
2433.0,21.01088
2434.0,21.01088
2435.0,21.01088
2436.0,21.01088
2437.0,21.01088
2438.0,21.01088
2439.0,21.01088
2440.0,21.01088
2441.0,21.01088
2442.0,21.01088
2443.0,21.01088
2444.0,21.01088
2445.0,21.01088
2446.0,21.01088
2447.0,21.01088
2448.0,21.01088
2449.0,21.01088
2450.0,21.01088
2451.0,21.01088
2452.0,21.01088
2453.0,21.01088
2454.0,21.01088
2455.0,21.01088
2456.0,21.01088
2457.0,21.01088
2458.0,21.01088
2459.0,21.01088
2460.0,21.01088
2461.0,21.01088
2462.0,21.01088
2463.0,21.01088
2464.0,21.01088
2465.0,21.01088
2466.0,21.01088
2467.0,21.01088
2468.0,21.01088
2469.0,21.01088
2470.0,21.01088
2471.0,21.01088
2472.0,21.01088
2473.0,21.01088
2474.0,21.01088
2475.0,21.01088
2476.0,21.01088
2477.0,21.01088
2478.0,21.01088
2479.0,21.01088
2480.0,21.01088
2481.0,21.01088
2482.0,21.01088
2483.0,21.01088
2484.0,21.01088
2485.0,21.01088
2486.0,21.01088
2487.0,21.01088
2488.0,21.01088
2489.0,21.01088
2490.0,21.01088
2491.0,21.01088
2492.0,21.01088
2493.0,21.01088
2494.0,21.01088
2495.0,21.01088
2496.0,21.01088
2497.0,21.01088
2498.0,21.01088
2499.0,21.01088
2500.0,21.01088
2501.0,21.01088
2502.0,21.01088
2503.0,21.01088
2504.0,21.01088
2505.0,21.01088
2506.0,21.01088
2507.0,21.01088
2508.0,21.01088
2509.0,21.01088
2510.0,21.01088
2511.0,21.01088
2512.0,21.01088
2513.0,21.01088
2514.0,21.01088
2515.0,21.01088
2516.0,21.01088
2517.0,21.01088
2518.0,21.01088
2519.0,21.01088
2520.0,21.01088
2521.0,21.01088
2522.0,21.01088
2523.0,21.01088
2524.0,21.01088
2525.0,21.01088
2526.0,21.01088
2527.0,21.01088
2528.0,21.01088
2529.0,21.01088
2530.0,21.01088
2531.0,21.01088
2532.0,21.01088
2533.0,21.01088
2534.0,21.01088
2535.0,21.01088
2536.0,21.01088
2537.0,21.01088
2538.0,21.01088
2539.0,21.01088
2540.0,21.01088
2541.0,21.01088
2542.0,21.01088
2543.0,21.01088
2544.0,21.01088
2545.0,21.01088
2546.0,21.01088
2547.0,21.01088
2548.0,21.01088
2549.0,21.01088
2550.0,21.01088
2551.0,21.01088
2552.0,21.01088
2553.0,21.01088
2554.0,21.01088
2555.0,21.01088
2556.0,21.01088
2557.0,21.01088
2558.0,21.01088
2559.0,21.01088
2560.0,21.01088
2561.0,21.01088
2562.0,21.01088
2563.0,21.01088
2564.0,21.01088
2565.0,21.01088
2566.0,21.01088
2567.0,21.01088
2568.0,21.01088
2569.0,21.01088
2570.0,21.01088
2571.0,21.01088
2572.0,21.01088
2573.0,21.01088
2574.0,21.01088
2575.0,21.01088
2576.0,21.01088
2577.0,21.01088
2578.0,21.01088
2579.0,21.01088
2580.0,21.01088
2581.0,21.01088
2582.0,21.01088
2583.0,21.01088
2584.0,8.9408
2585.0,8.9408
2586.0,8.9408
2587.0,8.9408
2588.0,8.9408
2589.0,8.9408
2590.0,8.9408
2591.0,8.9408
2592.0,8.9408
2593.0,8.9408
2594.0,8.9408
2595.0,8.9408
2596.0,8.9408
2597.0,8.9408
2598.0,8.9408
2599.0,8.9408
2600.0,8.9408
2601.0,8.9408
2602.0,8.9408
2603.0,8.9408
2604.0,8.9408
2605.0,8.9408
2606.0,8.9408
2607.0,8.9408
2608.0,8.9408
2609.0,8.9408
2610.0,8.9408
2611.0,8.9408
2612.0,8.9408
2613.0,8.9408
2614.0,8.9408
2615.0,8.9408
2616.0,8.9408
2617.0,8.9408
2618.0,8.9408
2619.0,8.9408
2620.0,8.9408
2621.0,8.9408
2622.0,8.9408
2623.0,8.9408
2624.0,8.9408
2625.0,8.9408
2626.0,8.9408
2627.0,8.9408
2628.0,8.9408
2629.0,8.9408
2630.0,8.9408
2631.0,8.9408
2632.0,8.9408
2633.0,8.9408
2634.0,8.9408
2635.0,8.9408
2636.0,8.9408
2637.0,8.9408
2638.0,8.9408
2639.0,8.9408
2640.0,8.9408
2641.0,8.9408
2642.0,8.9408
2643.0,8.9408
2644.0,8.9408
2645.0,8.9408
2646.0,8.9408
2647.0,8.9408
2648.0,8.9408
2649.0,8.9408
2650.0,8.9408
2651.0,8.9408
2652.0,8.9408
2653.0,8.9408
2654.0,8.9408
2655.0,8.9408
2656.0,8.9408
2657.0,8.9408
2658.0,8.9408
2659.0,8.9408
2660.0,8.9408
2661.0,8.9408
2662.0,8.9408
2663.0,8.9408
2664.0,8.9408
2665.0,8.9408
2666.0,8.9408
2667.0,8.9408
2668.0,8.9408
2669.0,8.9408
2670.0,8.9408
2671.0,8.9408
2672.0,8.9408
2673.0,8.9408
2674.0,8.9408
2675.0,8.9408
2676.0,8.9408
2677.0,8.9408
2678.0,8.9408
2679.0,8.9408
2680.0,8.9408
2681.0,8.9408
2682.0,8.9408
2683.0,8.9408
2684.0,8.9408
2685.0,8.9408
2686.0,8.9408
2687.0,8.9408
2688.0,8.9408
2689.0,8.9408
2690.0,8.9408
2691.0,8.9408
2692.0,8.9408
2693.0,8.9408
2694.0,8.9408
2695.0,8.9408
2696.0,8.9408
2697.0,8.9408
2698.0,8.9408
2699.0,8.9408
2700.0,8.9408
2701.0,8.9408
2702.0,8.9408
2703.0,8.9408
2704.0,8.9408
2705.0,8.9408
2706.0,8.9408
2707.0,8.9408
2708.0,8.9408
2709.0,8.9408
2710.0,8.9408
2711.0,8.9408
2712.0,8.9408
2713.0,8.9408
2714.0,8.9408
2715.0,8.9408
2716.0,8.9408
2717.0,8.9408
2718.0,8.9408
2719.0,8.9408
2720.0,8.9408
2721.0,8.9408
2722.0,8.9408
2723.0,8.9408
2724.0,8.9408
2725.0,8.9408
2726.0,8.9408
2727.0,8.9408
2728.0,8.9408
2729.0,8.9408
2730.0,8.9408
2731.0,8.9408
2732.0,8.9408
2733.0,8.9408
2734.0,8.9408
2735.0,8.9408
2736.0,8.9408
2737.0,8.9408
2738.0,8.9408
2739.0,8.9408
2740.0,8.9408
2741.0,8.9408
2742.0,8.9408
2743.0,8.9408
2744.0,8.9408
2745.0,8.9408
2746.0,8.9408
2747.0,8.9408
2748.0,8.9408
2749.0,8.9408
2750.0,8.9408
2751.0,8.9408
2752.0,8.9408
2753.0,8.9408
2754.0,8.9408
2755.0,8.9408
2756.0,8.9408
2757.0,8.9408
2758.0,8.9408
2759.0,8.9408
2760.0,8.9408
2761.0,8.9408
2762.0,8.9408
2763.0,8.9408
2764.0,8.9408
2765.0,8.9408
2766.0,8.9408
2767.0,8.9408
2768.0,8.9408
2769.0,8.9408
2770.0,8.9408
2771.0,8.9408
2772.0,8.9408
2773.0,8.9408
2774.0,8.9408
2775.0,8.9408
2776.0,8.9408
2777.0,8.9408
2778.0,8.9408
2779.0,8.9408
2780.0,8.9408
2781.0,8.9408
2782.0,8.9408
2783.0,8.9408
2784.0,8.9408
2785.0,8.9408
2786.0,8.9408
2787.0,8.9408
2788.0,8.9408
2789.0,8.9408
2790.0,8.9408
2791.0,8.9408
2792.0,8.9408
2793.0,8.9408
2794.0,8.9408
2795.0,8.9408
2796.0,8.9408
2797.0,8.9408
2798.0,8.9408
2799.0,8.9408
2800.0,8.9408
2801.0,8.9408
2802.0,8.9408
2803.0,8.9408
2804.0,8.9408
2805.0,8.9408
2806.0,8.9408
2807.0,8.9408
2808.0,8.9408
2809.0,8.9408
2810.0,8.9408
2811.0,8.9408
2812.0,8.9408
2813.0,8.9408
2814.0,8.9408
2815.0,8.9408
2816.0,8.9408
2817.0,8.9408
2818.0,8.9408
2819.0,8.9408
2820.0,8.9408
2821.0,17.657835014141483
2822.0,19.22272
2823.0,18.99611568978578
2824.0,18.77568
2825.0,18.922111205584788
2826.0,18.77568
2827.0,18.779787478208803
2828.0,18.77568
2829.0,18.77568
2830.0,18.77568
2831.0,18.77568
2832.0,18.77568
2833.0,18.77568
2834.0,18.77568
2835.0,18.77568
2836.0,18.77568
2837.0,18.77568
2838.0,18.77568
2839.0,18.77568
2840.0,18.77568
2841.0,18.77568
2842.0,18.77568
2843.0,18.77568
2844.0,18.77568
2845.0,18.77568
2846.0,18.77568
2847.0,18.77568
2848.0,18.77568
2849.0,18.77568
2850.0,18.77568
2851.0,18.77568
2852.0,18.77568
2853.0,18.77568
2854.0,18.77568
2855.0,18.77568
2856.0,18.77568
2857.0,18.77568
2858.0,18.77568
2859.0,18.77568
2860.0,18.77568
2861.0,18.77568
2862.0,18.77568
2863.0,18.77568
2864.0,18.77568
2865.0,18.77568
2866.0,18.77568
2867.0,18.77568
2868.0,18.77568
2869.0,18.77568
2870.0,18.77568
2871.0,18.77568
2872.0,18.77568
2873.0,18.77568
2874.0,18.77568
2875.0,18.77568
2876.0,18.77568
2877.0,18.77568
2878.0,18.77568
2879.0,18.77568
2880.0,18.77568
2881.0,18.77568
2882.0,18.77568
2883.0,18.77568
2884.0,18.77568
2885.0,18.77568
2886.0,18.77568
2887.0,18.77568
2888.0,18.77568
2889.0,18.77568
2890.0,18.77568
2891.0,18.77568
2892.0,18.77568
2893.0,18.77568
2894.0,18.610038260237356
2895.0,18.617241886444553
2896.0,18.70130676353794
2897.0,18.572281537383397
2898.0,18.77568
2899.0,18.378239741745418
2900.0,18.6980294889826
2901.0,18.669258163127584
2902.0,18.32864
2903.0,18.77568
2904.0,18.32864
2905.0,18.555142836297772
2906.0,18.32864
2907.0,18.473670580282747
2908.0,18.77568
2909.0,18.50117569767385
2910.0,18.32864
2911.0,18.642989315956846
2912.0,18.32864
2913.0,18.32864
2914.0,18.63122295504027
2915.0,18.37334889475744
2916.0,18.32864
2917.0,18.32864
2918.0,18.32864
2919.0,18.32864
2920.0,18.32864
2921.0,18.32864
2922.0,18.32864
2923.0,18.32864
2924.0,18.32864
2925.0,18.32864
2926.0,18.32864
2927.0,18.32864
2928.0,18.32864
2929.0,18.32864
2930.0,18.32864
2931.0,18.32864
2932.0,18.214199371299053
2933.0,18.32864
2934.0,18.12228940287859
2935.0,18.32864
2936.0,18.32864
2937.0,18.32864
2938.0,18.32864
2939.0,18.32864
2940.0,18.32864
2941.0,18.32864
2942.0,18.32864
2943.0,18.32864
2944.0,18.32864
2945.0,18.32864
2946.0,18.32864
2947.0,18.32864
2948.0,18.32864
2949.0,18.32864
2950.0,18.32864
2951.0,18.32864
2952.0,18.32864
2953.0,18.32864
2954.0,18.32864
2955.0,18.32864
2956.0,18.32864
2957.0,18.32864
2958.0,18.32864
2959.0,18.32864
2960.0,18.32864
2961.0,18.32864
2962.0,18.32864
2963.0,18.32864
2964.0,18.32864
2965.0,18.32864
2966.0,18.32864
2967.0,18.32864
2968.0,18.32864
2969.0,18.32864
2970.0,18.32864
2971.0,18.32864
2972.0,18.32864
2973.0,18.32864
2974.0,18.32864
2975.0,18.32864
2976.0,18.327408033421854
2977.0,18.32864
2978.0,18.32864
2979.0,18.32864
2980.0,18.32864
2981.0,18.32864
2982.0,18.32864
2983.0,18.32864
2984.0,18.32864
2985.0,18.32864
2986.0,18.32864
2987.0,18.32864
2988.0,18.32864
2989.0,18.32864
2990.0,18.32864
2991.0,18.32864
2992.0,18.32864
2993.0,18.32864
2994.0,18.32864
2995.0,18.32864
2996.0,18.32864
2997.0,18.32864
2998.0,18.32864
2999.0,18.32864
3000.0,18.32864
3001.0,18.32864
3002.0,18.32864
3003.0,18.32864
3004.0,18.57002312310522
3005.0,18.77568
3006.0,18.77568
3007.0,18.66355079994374
3008.0,18.77568
3009.0,18.65731597468318
3010.0,18.77568
3011.0,18.77568
3012.0,18.77568
3013.0,18.77568
3014.0,18.77568
3015.0,18.77568
3016.0,18.77568
3017.0,18.77568
3018.0,18.77568
3019.0,18.77568
3020.0,18.77568
3021.0,18.77568
3022.0,18.77568
3023.0,18.9700376923021
3024.0,18.77568
3025.0,19.22272
3026.0,19.22272
3027.0,19.021139649922443
3028.0,19.22272
3029.0,19.22272
3030.0,19.22272
3031.0,8.9408
3032.0,8.9408
3033.0,8.9408
3034.0,8.9408
3035.0,8.9408
3036.0,8.9408
3037.0,8.9408
3038.0,8.9408
3039.0,8.9408
3040.0,8.9408
3041.0,8.9408
3042.0,8.9408
3043.0,8.9408
3044.0,8.9408
3045.0,8.9408
3046.0,8.9408
3047.0,8.9408
3048.0,8.9408
3049.0,8.9408
3050.0,8.9408
3051.0,8.9408
3052.0,8.9408
3053.0,8.9408
3054.0,8.9408
3055.0,8.9408
3056.0,8.9408
3057.0,8.9408
3058.0,8.9408
3059.0,8.9408
3060.0,8.9408
3061.0,8.9408
3062.0,8.9408
3063.0,8.9408
3064.0,8.9408
3065.0,8.9408
3066.0,8.9408
3067.0,8.9408
3068.0,8.9408
3069.0,8.9408
3070.0,8.9408
3071.0,8.9408
3072.0,8.9408
3073.0,8.9408
3074.0,8.9408
3075.0,8.9408
3076.0,8.9408
3077.0,8.9408
3078.0,8.9408
3079.0,8.9408
3080.0,8.9408
3081.0,8.9408
3082.0,8.9408
3083.0,8.9408
3084.0,8.9408
3085.0,8.9408
3086.0,8.9408
3087.0,8.9408
3088.0,8.9408
3089.0,8.9408
3090.0,8.9408
3091.0,8.9408
3092.0,8.9408
3093.0,8.9408
3094.0,8.9408
3095.0,8.9408
3096.0,8.9408
3097.0,8.9408
3098.0,8.9408
3099.0,8.9408
3100.0,8.9408
3101.0,8.9408
3102.0,8.9408
3103.0,8.9408
3104.0,8.9408
3105.0,8.9408
3106.0,8.9408
3107.0,8.9408
3108.0,8.9408
3109.0,8.9408
3110.0,8.9408
3111.0,8.9408
3112.0,8.9408
3113.0,8.9408
3114.0,8.9408
3115.0,8.9408
3116.0,8.9408
3117.0,8.9408
3118.0,8.9408
3119.0,8.9408
3120.0,8.9408
3121.0,8.9408
3122.0,8.9408
3123.0,8.9408
3124.0,8.9408
3125.0,8.9408
3126.0,8.9408
3127.0,8.9408
3128.0,8.9408
3129.0,8.9408
3130.0,8.9408
3131.0,8.9408
3132.0,8.9408
3133.0,8.9408
3134.0,8.9408
3135.0,8.9408
3136.0,8.9408
3137.0,8.9408
3138.0,8.9408
3139.0,8.9408
3140.0,8.9408
3141.0,8.9408
3142.0,8.9408
3143.0,8.9408
3144.0,8.9408
3145.0,8.9408
3146.0,8.9408
3147.0,8.9408
3148.0,8.9408
3149.0,8.9408
3150.0,8.9408
3151.0,8.9408
3152.0,8.9408
3153.0,8.9408
3154.0,8.9408
3155.0,8.9408
3156.0,8.9408
3157.0,8.9408
3158.0,8.9408
3159.0,8.9408
3160.0,8.9408
3161.0,8.9408
3162.0,8.9408
3163.0,8.9408
3164.0,8.9408
3165.0,8.9408
3166.0,8.9408
3167.0,8.9408
3168.0,8.9408
3169.0,8.9408
3170.0,8.9408
3171.0,8.9408
3172.0,8.9408
3173.0,8.9408
3174.0,8.9408
3175.0,8.9408
3176.0,8.9408
3177.0,8.9408
3178.0,8.9408
3179.0,8.9408
3180.0,8.9408
3181.0,8.9408
3182.0,8.9408
3183.0,8.9408
3184.0,8.9408
3185.0,8.9408
3186.0,8.9408
3187.0,8.9408
3188.0,8.9408
3189.0,8.9408
3190.0,8.9408
3191.0,8.9408
3192.0,8.9408
3193.0,8.9408
3194.0,8.9408
3195.0,8.9408
3196.0,8.9408
3197.0,8.9408
3198.0,8.9408
3199.0,8.9408
3200.0,8.9408
3201.0,8.9408
3202.0,8.9408
3203.0,8.9408
3204.0,8.9408
3205.0,8.9408
3206.0,8.9408
3207.0,8.9408
3208.0,8.9408
3209.0,8.9408
3210.0,8.9408
3211.0,8.9408
3212.0,8.9408
3213.0,8.9408
3214.0,8.9408
3215.0,8.9408
3216.0,8.9408
3217.0,8.9408
3218.0,8.9408
3219.0,8.9408
3220.0,8.9408
3221.0,8.9408
3222.0,8.9408
3223.0,8.9408
3224.0,8.9408
3225.0,8.9408
3226.0,8.9408
3227.0,8.9408
3228.0,8.9408
3229.0,8.9408
3230.0,8.9408
3231.0,8.9408
3232.0,8.9408
3233.0,8.9408
3234.0,8.9408
3235.0,8.9408
3236.0,8.9408
3237.0,8.9408
3238.0,8.9408
3239.0,8.9408
3240.0,8.9408
3241.0,8.9408
3242.0,8.9408
3243.0,8.9408
3244.0,8.9408
3245.0,8.9408
3246.0,8.9408
3247.0,8.9408
3248.0,8.9408
3249.0,8.9408
3250.0,8.9408
3251.0,8.9408
3252.0,8.9408
3253.0,8.9408
3254.0,17.8816
3255.0,17.8816
3256.0,17.572965315014322
3257.0,17.43456
3258.0,17.43456
3259.0,17.43456
3260.0,17.43456
3261.0,17.43456
3262.0,17.43456
3263.0,17.43456
3264.0,17.43456
3265.0,17.43456
3266.0,17.43456
3267.0,17.43456
3268.0,17.43456
3269.0,17.43456
3270.0,17.43456
3271.0,17.43456
3272.0,17.34301213849727
3273.0,17.364377846083357
3274.0,17.226392088990107
3275.0,16.98752
3276.0,16.98752
3277.0,16.98752
3278.0,16.98752
3279.0,16.98752
3280.0,16.98752
3281.0,16.98752
3282.0,16.98752
3283.0,16.98752
3284.0,16.98752
3285.0,16.98752
3286.0,16.98752
3287.0,16.98752
3288.0,16.98752
3289.0,16.98752
3290.0,16.98752
3291.0,16.98752
3292.0,16.98752
3293.0,16.98752
3294.0,16.54048
3295.0,16.54048
3296.0,16.54048
3297.0,16.54048
3298.0,16.54048
3299.0,16.54048
3300.0,16.54048
3301.0,16.54048
3302.0,16.54048
3303.0,16.54048
3304.0,16.54048
3305.0,16.54048
3306.0,16.54048
3307.0,16.54048
3308.0,16.54048
3309.0,16.54048
3310.0,16.54048
3311.0,16.54048
3312.0,16.54048
3313.0,16.54048
3314.0,16.54048
3315.0,16.54048
3316.0,16.54048
3317.0,16.54048
3318.0,16.54048
3319.0,16.54048
3320.0,16.54048
3321.0,16.54048
3322.0,16.54048
3323.0,16.54048
3324.0,16.54048
3325.0,16.54048
3326.0,16.54048
3327.0,16.54048
3328.0,16.54048
3329.0,16.54048
3330.0,16.54048
3331.0,16.54048
3332.0,16.54048
3333.0,16.54048
3334.0,16.54048
3335.0,16.54048
3336.0,16.54048
3337.0,16.54048
3338.0,16.54048
3339.0,16.54048
3340.0,16.54048
3341.0,16.54048
3342.0,16.54048
3343.0,16.54048
3344.0,16.54048
3345.0,16.54048
3346.0,16.54048
3347.0,16.54048
3348.0,16.54048
3349.0,16.54048
3350.0,16.54048
3351.0,16.54048
3352.0,16.54048
3353.0,16.54048
3354.0,16.54048
3355.0,16.54048
3356.0,16.54048
3357.0,16.54048
3358.0,16.54048
3359.0,16.54048
3360.0,16.54048
3361.0,16.54048
3362.0,16.54048
3363.0,16.541669313955975
3364.0,16.91338699476808
3365.0,16.98752
3366.0,16.63471212388953
3367.0,16.890106775394035
3368.0,16.98752
3369.0,16.54048
3370.0,16.98752
3371.0,16.98752
3372.0,16.98752
3373.0,16.98752
3374.0,16.98752
3375.0,16.98752
3376.0,16.98752
3377.0,16.98752
3378.0,16.98752
3379.0,16.98752
3380.0,16.98752
3381.0,16.98752
3382.0,16.98752
3383.0,16.98752
3384.0,16.98752
3385.0,16.98752
3386.0,16.98752
3387.0,16.98752
3388.0,16.98752
3389.0,16.98752
3390.0,16.98752
3391.0,16.98752
3392.0,16.98752
3393.0,16.98752
3394.0,16.98752
3395.0,16.98752
3396.0,16.98752
3397.0,16.98752
3398.0,16.98752
3399.0,16.98752
3400.0,16.98752
3401.0,16.98752
3402.0,16.98752
3403.0,16.98752
3404.0,16.98752
3405.0,16.98752
3406.0,16.98752
3407.0,16.98752
3408.0,16.98752
3409.0,16.98752
3410.0,16.98752
3411.0,16.98752
3412.0,16.98752
3413.0,16.541143822029433
3414.0,16.660006603157736
3415.0,16.912614214501293
3416.0,16.98752
3417.0,16.887685705307767
3418.0,16.54048
3419.0,16.54048
3420.0,16.663008092667145
3421.0,16.98752
3422.0,16.645250102058846
3423.0,16.68891210135318
3424.0,16.54048
3425.0,16.54048
3426.0,16.805622649299682
3427.0,16.54048
3428.0,16.54048
3429.0,16.54048
3430.0,16.54048
3431.0,16.54048
3432.0,16.54048
3433.0,16.54048
3434.0,16.54048
3435.0,16.54048
3436.0,16.54048
3437.0,16.54048
3438.0,16.54048
3439.0,16.54048
3440.0,16.54048
3441.0,16.54048
3442.0,16.54048
3443.0,16.54048
3444.0,16.860220714794245
3445.0,16.54048
3446.0,16.54048
3447.0,16.54048
3448.0,16.54048
3449.0,16.54048
3450.0,16.54048
3451.0,16.54048
3452.0,16.54048
3453.0,16.54048
3454.0,16.54048
3455.0,16.54048
3456.0,16.54048
3457.0,16.54048
3458.0,16.54048
3459.0,16.54048
3460.0,16.54048
3461.0,16.54048
3462.0,16.54048
3463.0,16.54048
3464.0,16.54048
3465.0,16.721424020427282
3466.0,16.98752
3467.0,16.98752
3468.0,16.876994449493473
3469.0,16.889216908934976
3470.0,16.67820402112298
3471.0,16.98752
3472.0,16.98752
3473.0,16.840681567759326
3474.0,16.98752
3475.0,16.98752
3476.0,16.98752
3477.0,16.98752
3478.0,16.98752
3479.0,16.98752
3480.0,16.98752
3481.0,16.98752
3482.0,16.98752
3483.0,16.98752
3484.0,16.98752
3485.0,16.98752
3486.0,16.98752
3487.0,16.98752
3488.0,16.98752
3489.0,16.98752
3490.0,16.98752
3491.0,16.98752
3492.0,16.98752
3493.0,8.9408
3494.0,8.9408
3495.0,8.9408
3496.0,8.9408
3497.0,8.9408
3498.0,8.9408
3499.0,8.9408
3500.0,8.9408
3501.0,8.9408
3502.0,8.9408
3503.0,8.9408
3504.0,8.9408
3505.0,8.9408
3506.0,8.9408
3507.0,8.9408
3508.0,8.9408
3509.0,8.9408
3510.0,8.9408
3511.0,8.9408
3512.0,8.9408
3513.0,8.9408
3514.0,8.9408
3515.0,8.9408
3516.0,8.9408
3517.0,8.9408
3518.0,8.9408
3519.0,8.9408
3520.0,8.9408
3521.0,8.9408
3522.0,8.9408
3523.0,8.9408
3524.0,8.9408
3525.0,8.9408
3526.0,8.9408
3527.0,8.9408
3528.0,8.9408
3529.0,8.9408
3530.0,8.9408
3531.0,8.9408
3532.0,8.9408
3533.0,8.9408
3534.0,8.9408
3535.0,8.9408
3536.0,8.9408
3537.0,8.9408
3538.0,8.9408
3539.0,8.9408
3540.0,8.9408
3541.0,8.9408
3542.0,8.9408
3543.0,8.9408
3544.0,8.9408
3545.0,8.9408
3546.0,8.9408
3547.0,8.9408
3548.0,8.9408
3549.0,8.9408
3550.0,8.9408
3551.0,8.9408
3552.0,8.9408
3553.0,8.9408
3554.0,8.9408
3555.0,8.9408
3556.0,8.9408
3557.0,8.9408
3558.0,8.9408
3559.0,8.9408
3560.0,8.9408
3561.0,8.9408
3562.0,8.9408
3563.0,8.9408
3564.0,8.9408
3565.0,8.9408
3566.0,8.9408
3567.0,8.9408
3568.0,8.9408
3569.0,8.9408
3570.0,8.9408
3571.0,8.9408
3572.0,8.9408
3573.0,8.9408
3574.0,8.9408
3575.0,8.9408
3576.0,8.9408
3577.0,8.9408
3578.0,8.9408
3579.0,8.9408
3580.0,8.9408
3581.0,8.9408
3582.0,8.9408
3583.0,8.9408
3584.0,8.9408
3585.0,8.9408
3586.0,8.9408
3587.0,8.9408
3588.0,8.9408
3589.0,8.9408
3590.0,8.9408
3591.0,8.9408
3592.0,8.9408
3593.0,8.9408
3594.0,8.9408
3595.0,8.9408
3596.0,8.9408
3597.0,8.9408
3598.0,8.9408
3599.0,8.9408
3600.0,8.9408
3601.0,8.9408
3602.0,8.9408
3603.0,8.9408
3604.0,8.9408
3605.0,8.9408
3606.0,8.9408
3607.0,8.9408
3608.0,8.9408
3609.0,8.9408
3610.0,8.9408
3611.0,8.9408
3612.0,8.9408
3613.0,8.9408
3614.0,8.9408
3615.0,8.9408
3616.0,8.9408
3617.0,8.9408
3618.0,8.9408
3619.0,8.9408
3620.0,8.9408
3621.0,8.9408
3622.0,8.9408
3623.0,8.9408
3624.0,8.9408
3625.0,8.9408
3626.0,8.9408
3627.0,8.9408
3628.0,8.9408
3629.0,8.9408
3630.0,8.9408
3631.0,8.9408
3632.0,8.9408
3633.0,8.9408
3634.0,8.9408
3635.0,8.9408
3636.0,8.9408
3637.0,8.9408
3638.0,8.9408
3639.0,8.9408
3640.0,8.9408
3641.0,8.9408
3642.0,8.9408
3643.0,8.9408
3644.0,8.9408
3645.0,8.9408
3646.0,8.9408
3647.0,8.9408
3648.0,8.9408
3649.0,8.9408
3650.0,8.9408
3651.0,8.9408
3652.0,8.9408
3653.0,8.9408
3654.0,8.9408
3655.0,8.9408
3656.0,8.9408
3657.0,8.9408
3658.0,8.9408
3659.0,8.9408
3660.0,8.9408
3661.0,8.9408
3662.0,8.9408
3663.0,8.9408
3664.0,8.9408
3665.0,8.9408
3666.0,8.9408
3667.0,8.9408
3668.0,8.9408
3669.0,8.9408
3670.0,8.9408
3671.0,8.9408
3672.0,8.9408
3673.0,8.9408
3674.0,8.9408
3675.0,8.9408
3676.0,8.9408
3677.0,8.9408
3678.0,8.9408
3679.0,8.9408
3680.0,8.9408
3681.0,8.9408
3682.0,8.9408
3683.0,8.9408
3684.0,8.9408
3685.0,8.9408
3686.0,8.9408
3687.0,8.9408
3688.0,8.9408
3689.0,8.9408
3690.0,8.9408
3691.0,8.9408
3692.0,8.9408
3693.0,8.9408
3694.0,8.9408
3695.0,8.9408
3696.0,8.9408
3697.0,8.9408
3698.0,8.9408
3699.0,8.9408
3700.0,8.9408
3701.0,8.9408
3702.0,8.9408
3703.0,8.9408
3704.0,8.9408
3705.0,8.9408
3706.0,8.9408
3707.0,8.9408
3708.0,8.9408
3709.0,8.9408
3710.0,8.9408
3711.0,8.9408
3712.0,8.9408
3713.0,8.9408
3714.0,15.6464
3715.0,16.09344
3716.0,15.6464
3717.0,15.6464
3718.0,15.6464
3719.0,15.848156604062465
3720.0,15.6464
3721.0,15.6464
3722.0,15.6464
3723.0,15.6464
3724.0,15.6464
3725.0,15.6464
3726.0,15.6464
3727.0,15.6464
3728.0,15.6464
3729.0,15.6464
3730.0,15.6464
3731.0,15.6464
3732.0,15.6464
3733.0,15.6464
3734.0,15.6464
3735.0,15.6464
3736.0,15.6464
3737.0,15.6464
3738.0,15.6464
3739.0,15.6464
3740.0,15.6464
3741.0,15.6464
3742.0,15.6464
3743.0,15.6464
3744.0,15.6464
3745.0,15.6464
3746.0,15.6464
3747.0,15.6464
3748.0,15.6464
3749.0,15.6464
3750.0,15.6464
3751.0,15.6464
3752.0,15.6464
3753.0,15.6464
3754.0,15.6464
3755.0,15.6464
3756.0,15.6464
3757.0,15.6464
3758.0,15.6464
3759.0,15.6464
3760.0,15.6464
3761.0,15.6464
3762.0,15.6464
3763.0,15.6464
3764.0,15.6464
3765.0,15.6464
3766.0,15.6464
3767.0,15.705118379886029
3768.0,15.976429017171707
3769.0,15.74989334473439
3770.0,16.09344
3771.0,16.09344
3772.0,16.09344
3773.0,16.09344
3774.0,16.09344
3775.0,16.09344
3776.0,16.09344
3777.0,16.09344
3778.0,16.09344
3779.0,16.09344
3780.0,16.09344
3781.0,16.09344
3782.0,16.09344
3783.0,16.09344
3784.0,16.09344
3785.0,16.09344
3786.0,16.09344
3787.0,16.09344
3788.0,16.09344
3789.0,16.494267278292757
3790.0,16.09344
3791.0,16.09344
3792.0,16.39119013374215
3793.0,16.09344
3794.0,16.104249347432262
3795.0,16.490846237349842
3796.0,16.09344
3797.0,16.251403743124488
3798.0,16.54048
3799.0,16.54048
3800.0,16.54048
3801.0,16.54048
3802.0,16.54048
3803.0,16.54048
3804.0,16.54048
3805.0,16.54048
3806.0,16.54048
3807.0,16.54048
3808.0,16.54048
3809.0,16.54048
3810.0,16.54048
3811.0,16.54048
3812.0,16.54048
3813.0,16.644643145285173
3814.0,16.54048
3815.0,16.54048
3816.0,16.54048
3817.0,16.95977278604684
3818.0,16.60995290832873
3819.0,16.54048
3820.0,16.54048
3821.0,16.54048
3822.0,16.54048
3823.0,16.54048
3824.0,16.54048
3825.0,16.54048
3826.0,16.54048
3827.0,16.54048
3828.0,16.54048
3829.0,16.54048
3830.0,16.54048
3831.0,16.54048
3832.0,16.54048
3833.0,16.54048
3834.0,16.54048
3835.0,16.54048
3836.0,16.54048
3837.0,16.486970064418617
3838.0,16.54048
3839.0,16.46329694599182
3840.0,16.366137579501856
3841.0,16.09344
3842.0,16.436500865325947
3843.0,16.54048
3844.0,16.09344
3845.0,16.427406584955712
3846.0,16.410582036771626
3847.0,16.09344
3848.0,16.192201567976348
3849.0,16.486992438834545
3850.0,16.09344
3851.0,16.407021272828445
3852.0,16.282048763208213
3853.0,16.09344
3854.0,16.469415748726707
3855.0,16.09344
3856.0,16.09344
3857.0,16.09344
3858.0,16.09344
3859.0,16.12181232575181
3860.0,16.09344
3861.0,16.09344
3862.0,16.359685815887705
3863.0,16.09344
3864.0,16.09344
3865.0,16.438214276280863
3866.0,16.331065484689965
3867.0,16.09344
3868.0,16.30120328650538
3869.0,16.54048
3870.0,16.102698246215567
3871.0,16.266721505540755
3872.0,16.54048
3873.0,16.54048
3874.0,16.54048
3875.0,16.54048
3876.0,16.54048
3877.0,16.54048
3878.0,16.54048
3879.0,16.54048
3880.0,16.54048
3881.0,16.54048
3882.0,16.54048
3883.0,16.54048
3884.0,16.54048
3885.0,16.54048
3886.0,16.54048
3887.0,16.54048
3888.0,16.54048
3889.0,16.54048
3890.0,16.54048
3891.0,16.54048
3892.0,16.54048
3893.0,16.54048
3894.0,16.54048
3895.0,16.54048
3896.0,16.98752
3897.0,16.98752
3898.0,16.98752
3899.0,16.98752
3900.0,16.98752
3901.0,16.98752
3902.0,16.98752
3903.0,16.98752
3904.0,16.98752
3905.0,16.98752
3906.0,16.98752
3907.0,16.98752
3908.0,16.98752
3909.0,16.98752
3910.0,16.98752
3911.0,16.98752
3912.0,16.98752
3913.0,16.98752
3914.0,16.98752
3915.0,16.98752
3916.0,16.98752
3917.0,16.98752
3918.0,16.98752
3919.0,16.98752
3920.0,16.98752
3921.0,16.98752
3922.0,16.98752
3923.0,16.98752
3924.0,16.98752
3925.0,16.98752
3926.0,16.98752
3927.0,16.98752
3928.0,16.98752
3929.0,16.98752
3930.0,16.98752
3931.0,16.98752
3932.0,16.98752
3933.0,16.98752
3934.0,16.98752
3935.0,16.98752
3936.0,16.98752
3937.0,16.98752
3938.0,16.98752
3939.0,16.98752
3940.0,16.98752
3941.0,16.98752
3942.0,16.98752
3943.0,16.98752
3944.0,16.98752
3945.0,16.98752
3946.0,16.98752
3947.0,16.98752
3948.0,16.98752
3949.0,16.98752
3950.0,16.98752
3951.0,16.98752
3952.0,16.98752
3953.0,16.98752
3954.0,16.98752
3955.0,16.98752
3956.0,16.98752
3957.0,16.98752
3958.0,16.98752
3959.0,16.98752
3960.0,16.98752
3961.0,16.98752
3962.0,16.98752
3963.0,16.98752
3964.0,16.98752
3965.0,16.98752
3966.0,16.98752
3967.0,16.98752
3968.0,16.98752
3969.0,16.98752
3970.0,16.98752
3971.0,16.98752
3972.0,16.98752
3973.0,16.98752
3974.0,16.98752
3975.0,16.98752
3976.0,16.98752
3977.0,16.98752
3978.0,16.98752
3979.0,16.98752
3980.0,16.98752
3981.0,16.98752
3982.0,16.98752
3983.0,16.98752
3984.0,16.98752
3985.0,16.98752
3986.0,16.98752
3987.0,16.98752
3988.0,16.98752
3989.0,16.98752
3990.0,16.98752
3991.0,16.98752
3992.0,16.98752
3993.0,16.98752
3994.0,16.98752
3995.0,16.98752
3996.0,16.98752
3997.0,16.98752
3998.0,16.98752
3999.0,16.98752
4000.0,16.98752
4001.0,16.98752
4002.0,16.98752
4003.0,16.98752
4004.0,16.98752
4005.0,16.98752
4006.0,16.98752
4007.0,16.98752
4008.0,16.98752
4009.0,16.98752
4010.0,16.98752
4011.0,16.98752
4012.0,16.98752
4013.0,16.98752
4014.0,16.98752
4015.0,16.98752
4016.0,16.98752
4017.0,16.98752
4018.0,16.98752
4019.0,16.98752
4020.0,16.98752
4021.0,16.98752
4022.0,16.98752
4023.0,16.98752
4024.0,16.98752
4025.0,16.98752
4026.0,16.98752
4027.0,16.98752
4028.0,16.98752
4029.0,16.98752
4030.0,16.98752
4031.0,16.98752
4032.0,16.98752
4033.0,16.98752
4034.0,16.98752
4035.0,16.98752
4036.0,16.98752
4037.0,16.98752
4038.0,16.98752
4039.0,16.98752
4040.0,16.98752
4041.0,16.98752
4042.0,16.98752
4043.0,16.98752
4044.0,16.98752
4045.0,16.98752
4046.0,16.98752
4047.0,16.98752
4048.0,16.98752
4049.0,16.98752
4050.0,16.98752
4051.0,16.98752
4052.0,16.98752
4053.0,16.98752
4054.0,16.98752
4055.0,16.98752
4056.0,16.98752
4057.0,16.98752
4058.0,16.98752
4059.0,16.98752
4060.0,16.98752
4061.0,16.98752
4062.0,16.98752
4063.0,16.98752
4064.0,16.98752
4065.0,16.98752
4066.0,16.98752
4067.0,16.98752
4068.0,16.98752
4069.0,16.98752
4070.0,16.98752
4071.0,16.98752
4072.0,16.98752
4073.0,16.98752
4074.0,16.98752
4075.0,16.98752
4076.0,16.98752
4077.0,16.98752
4078.0,16.98752
4079.0,16.98752
4080.0,16.98752
4081.0,16.98752
4082.0,16.98752
4083.0,16.98752
4084.0,16.98752
4085.0,16.98752
4086.0,16.98752
4087.0,16.98752
4088.0,16.98752
4089.0,16.98752
4090.0,16.98752
4091.0,16.98752
4092.0,16.98752
4093.0,16.98752
4094.0,16.98752
4095.0,16.98752
4096.0,16.98752
4097.0,16.98752
4098.0,16.98752
4099.0,16.98752
4100.0,16.98752
4101.0,16.98752
4102.0,16.98752
4103.0,16.98752
4104.0,16.98752
4105.0,16.98752
4106.0,16.98752
4107.0,16.98752
4108.0,16.98752
4109.0,16.98752
4110.0,16.98752
4111.0,16.98752
4112.0,16.98752
4113.0,16.98752
4114.0,16.98752
4115.0,16.98752
4116.0,16.98752
4117.0,16.98752
4118.0,16.98752
4119.0,16.98752
4120.0,16.98752
4121.0,16.98752
4122.0,16.98752
4123.0,16.98752
4124.0,16.98752
4125.0,16.98752
4126.0,16.98752
4127.0,16.98752
4128.0,16.98752
4129.0,16.98752
4130.0,16.98752
4131.0,16.98752
4132.0,16.98752
4133.0,16.98752
4134.0,16.98752
4135.0,16.98752
4136.0,16.98752
4137.0,16.98752
4138.0,16.98752
4139.0,16.98752
4140.0,16.98752
4141.0,16.98752
4142.0,16.98752
4143.0,16.98752
4144.0,16.98752
4145.0,16.98752
4146.0,16.98752
4147.0,16.98752
4148.0,16.98752
4149.0,16.98752
4150.0,16.98752
4151.0,16.98752
4152.0,16.98752
4153.0,16.98752
4154.0,16.98752
4155.0,16.98752
4156.0,16.98752
4157.0,16.98752
4158.0,16.98752
4159.0,16.98752
4160.0,16.98752
4161.0,16.98752
4162.0,16.98752
4163.0,16.98752
4164.0,16.98752
4165.0,16.98752
4166.0,16.98752
4167.0,16.98752
4168.0,16.98752
4169.0,16.98752
4170.0,16.98752
4171.0,16.98752
4172.0,16.98752
4173.0,16.98752
4174.0,16.98752
4175.0,16.98752
4176.0,16.98752
4177.0,16.98752
4178.0,16.98752
4179.0,16.98752
4180.0,16.98752
4181.0,16.98752
4182.0,16.98752
4183.0,16.98752
4184.0,16.98752
4185.0,16.98752
4186.0,16.98752
4187.0,16.98752
4188.0,16.98752
4189.0,16.98752
4190.0,16.98752
4191.0,16.98752
4192.0,16.98752
4193.0,16.98752
4194.0,16.98752
4195.0,16.98752
4196.0,16.98752
4197.0,16.98752
4198.0,16.98752
4199.0,16.98752
4200.0,16.98752
4201.0,16.98752
4202.0,16.98752
4203.0,16.98752
4204.0,16.98752
4205.0,16.98752
4206.0,16.98752
4207.0,16.98752
4208.0,16.98752
4209.0,16.98752
4210.0,16.98752
4211.0,16.98752
4212.0,16.98752
4213.0,16.98752
4214.0,16.98752
4215.0,16.98752
4216.0,16.98752
4217.0,16.98752
4218.0,16.98752
4219.0,16.98752
4220.0,16.98752
4221.0,16.98752
4222.0,16.98752
4223.0,16.98752
4224.0,16.98752
4225.0,16.98752
4226.0,16.98752
4227.0,16.98752
4228.0,16.98752
4229.0,16.98752
4230.0,16.98752
4231.0,16.98752
4232.0,16.98752
4233.0,16.98752
4234.0,16.98752
4235.0,16.98752
4236.0,16.98752
4237.0,16.98752
4238.0,16.98752
4239.0,16.98752
4240.0,16.98752
4241.0,16.98752
4242.0,16.98752
4243.0,16.98752
4244.0,16.98752
4245.0,16.98752
4246.0,16.98752
4247.0,16.98752
4248.0,16.98752
4249.0,16.98752
4250.0,16.98752
4251.0,16.98752
4252.0,16.98752
4253.0,16.98752
4254.0,16.98752
4255.0,16.98752
4256.0,16.98752
4257.0,16.98752
4258.0,16.98752
4259.0,16.98752
4260.0,16.98752
4261.0,16.98752
4262.0,16.98752
4263.0,16.98752
4264.0,16.98752
4265.0,16.98752
4266.0,16.98752
4267.0,16.98752
4268.0,16.98752
4269.0,16.98752
4270.0,16.98752
4271.0,16.98752
4272.0,16.98752
4273.0,16.98752
4274.0,16.98752
4275.0,16.98752
4276.0,16.98752
4277.0,16.98752
4278.0,16.98752
4279.0,16.98752
4280.0,16.98752
4281.0,16.98752
4282.0,16.98752
4283.0,16.98752
4284.0,16.98752
4285.0,16.98752
4286.0,16.98752
4287.0,16.98752
4288.0,16.98752
4289.0,16.98752
4290.0,16.98752
4291.0,16.98752
4292.0,16.98752
4293.0,16.98752
4294.0,16.98752
4295.0,16.98752
4296.0,16.98752
4297.0,16.98752
4298.0,16.98752
4299.0,16.98752
4300.0,16.98752
4301.0,16.98752
4302.0,16.98752
4303.0,16.98752
4304.0,16.98752
4305.0,16.98752
4306.0,16.98752
4307.0,16.98752
4308.0,16.98752
4309.0,16.98752
4310.0,16.98752
4311.0,16.98752
4312.0,16.98752
4313.0,16.98752
4314.0,16.98752
4315.0,16.98752
4316.0,16.98752
4317.0,16.98752
4318.0,16.98752
4319.0,16.98752
4320.0,16.98752
4321.0,16.98752
4322.0,16.98752
4323.0,16.98752
4324.0,16.98752
4325.0,16.98752
4326.0,16.98752
4327.0,16.98752
4328.0,16.98752
4329.0,16.98752
4330.0,16.98752
4331.0,16.98752
4332.0,16.98752
4333.0,16.98752
4334.0,16.98752
4335.0,16.98752
4336.0,16.98752
4337.0,16.98752
4338.0,16.98752
4339.0,16.98752
4340.0,16.98752
4341.0,16.98752
4342.0,16.98752
4343.0,16.98752
4344.0,16.98752
4345.0,16.98752
4346.0,16.98752
4347.0,16.98752
4348.0,16.98752
4349.0,16.98752
4350.0,16.98752
4351.0,16.98752
4352.0,16.98752
4353.0,16.98752
4354.0,16.98752
4355.0,16.98752
4356.0,16.98752
4357.0,16.98752
4358.0,16.98752
4359.0,16.98752
4360.0,16.98752
4361.0,16.98752
4362.0,16.98752
4363.0,16.98752
4364.0,16.98752
4365.0,16.98752
4366.0,16.98752
4367.0,16.98752
4368.0,16.98752
4369.0,16.98752
4370.0,16.98752
4371.0,16.98752
4372.0,16.98752
4373.0,16.98752
4374.0,16.98752
4375.0,16.98752
4376.0,16.98752
4377.0,16.98752
4378.0,16.98752
4379.0,16.98752
4380.0,16.98752
4381.0,16.98752
4382.0,16.98752
4383.0,16.98752
4384.0,16.98752
4385.0,16.98752
4386.0,16.98752
4387.0,16.98752
4388.0,16.98752
4389.0,16.98752
4390.0,16.98752
4391.0,16.98752
4392.0,16.98752
4393.0,16.98752
4394.0,16.98752
4395.0,16.98752
4396.0,16.98752
4397.0,16.98752
4398.0,16.98752
4399.0,16.98752
4400.0,16.98752
4401.0,16.98752
4402.0,16.98752
4403.0,16.98752
4404.0,16.98752
4405.0,16.98752
4406.0,16.98752
4407.0,16.98752
4408.0,16.98752
4409.0,16.98752
4410.0,16.98752
4411.0,16.98752
4412.0,16.98752
4413.0,16.98752
4414.0,16.98752
4415.0,16.98752
4416.0,16.98752
4417.0,16.98752
4418.0,16.98752
4419.0,16.98752
4420.0,16.98752
4421.0,16.98752
4422.0,16.98752
4423.0,16.98752
4424.0,16.98752
4425.0,16.98752
4426.0,16.98752
4427.0,16.98752
4428.0,16.98752
4429.0,16.98752
4430.0,16.98752
4431.0,16.98752
4432.0,16.98752
4433.0,16.98752
4434.0,16.98752
4435.0,16.98752
4436.0,16.98752
4437.0,16.98752
4438.0,16.98752
4439.0,16.98752
4440.0,16.98752
4441.0,16.98752
4442.0,16.98752
4443.0,16.98752
4444.0,16.98752
4445.0,16.98752
4446.0,16.98752
4447.0,16.98752
4448.0,16.98752
4449.0,16.98752
4450.0,16.98752
4451.0,16.98752
4452.0,16.98752
4453.0,16.98752
4454.0,16.98752
4455.0,16.98752
4456.0,16.98752
4457.0,16.98752
4458.0,16.98752
4459.0,16.98752
4460.0,16.98752
4461.0,16.98752
4462.0,16.98752
4463.0,16.98752
4464.0,16.98752
4465.0,16.98752
4466.0,16.98752
4467.0,16.98752
4468.0,16.98752
4469.0,16.98752
4470.0,16.98752
4471.0,16.98752
4472.0,16.98752
4473.0,16.98752
4474.0,16.98752
4475.0,16.98752
4476.0,16.98752
4477.0,16.98752
4478.0,16.98752
4479.0,16.98752
4480.0,16.98752
4481.0,16.98752
4482.0,16.98752
4483.0,16.98752
4484.0,16.98752
4485.0,16.98752
4486.0,16.98752
4487.0,16.98752
4488.0,16.98752
4489.0,16.98752
4490.0,16.98752
4491.0,16.98752
4492.0,16.98752
4493.0,16.98752
4494.0,16.98752
4495.0,16.98752
4496.0,16.98752
4497.0,16.98752
4498.0,16.98752
4499.0,16.98752
4500.0,16.98752
4501.0,16.98752
4502.0,16.98752
4503.0,16.98752
4504.0,16.98752
4505.0,16.98752
4506.0,16.98752
4507.0,16.98752
4508.0,16.98752
4509.0,16.98752
4510.0,16.98752
4511.0,16.98752
4512.0,16.98752
4513.0,16.98752
4514.0,16.98752
4515.0,16.98752
4516.0,16.98752
4517.0,16.98752
4518.0,16.98752
4519.0,16.98752
4520.0,16.98752
4521.0,16.98752
4522.0,16.98752
4523.0,16.98752
4524.0,16.98752
4525.0,16.98752
4526.0,16.98752
4527.0,16.98752
4528.0,16.98752
4529.0,16.98752
